EmailAddress,Name,RoutingType,MailboxType
"PPF@carstarab.ca","3M Calgary","SMTP","PublicDL"
"4032533332@carstarab.ca","4032533332","SMTP","PublicDL"
"4032560051@carstarab.ca","4032560051","SMTP","PublicDL"
"4032564224@carstarab.ca","4032564224","SMTP","PublicDL"
"4032610656@carstarab.ca","4032610656","SMTP","PublicDL"
"4032619604@chcollision.com","4032619604","SMTP","PublicDL"
"4032860870@carstarab.ca","4032860870","SMTP","PublicDL"
"4036522974@carstarab.ca","4036522974","SMTP","PublicDL"
"4037680439@carstarab.ca","4037680439","SMTP","PublicDL"
"4039318441@carstarab.ca","4039318441","SMTP","PublicDL"
"4039388223@carstarab.ca","4039388223","SMTP","PublicDL"
"5873491837@carstarab.ca","5873491837","SMTP","PublicDL"
"5878722362@forceautostyling.com","5873872362","SMTP","PublicDL"
"5873872853@carstarab.ca","5873872853","SMTP","PublicDL"
"5873935043@carstarab.ca","5873935043","SMTP","PublicDL"
"5877470757@carstarab.ca","5877470757","SMTP","PublicDL"
"AWood@staff.carstarab.ca","Aaron Matthew Wood","SMTP","Mailbox"
"ASholapur@staff.carstarab.ca","Abhishek Suresh Sholapur","SMTP","Mailbox"
"AReyes@carstarab.ca","Abigael Reyes","SMTP","Mailbox"
"accountinggeneral@mkautogroup.ca","Accounting General Mail","SMTP","PublicDL"
"Accounting_Staff@carstarab.ca","Accounting Staff","SMTP","PublicDL"
"ap@mkautogroup.ca","Accounts Payable","SMTP","PublicDL"
"Ar@mkautogroup.ca","Accounts Receivable","SMTP","PublicDL"
"ar@carstarab.ca","Accounts Receivable","SMTP","PublicDL"
"Administrator@carstarab.ca","Administrator","SMTP","Mailbox"
"AFarhat@staff.carstarab.ca","Ahmad Farhat","SMTP","Mailbox"
"AFawad@staff.carstarab.ca","Ahmed Fawad","SMTP","Mailbox"
"AReed@carstarab.ca","Aidan Reed","SMTP","Mailbox"
"ARDashboard@carstarab.ca","Airdrie Dashboard","SMTP","Mailbox"
"airdrie@carstarab.ca","Airdrie General","SMTP","PublicDL"
"Airdrie_Parts@carstarab.ca","Airdrie Parts","SMTP","PublicDL"
"Airdrie_Staff@carstarab.ca","Airdrie Staff","SMTP","PublicDL"
"Airdrie_VM@carstarab.ca","Airdrie VM","SMTP","PublicDL"
"AAgopito@staff.carstarab.ca","Alex Agopito","SMTP","Mailbox"
"ACiotti@staff.carstarab.ca","Alex Ciotti","SMTP","Mailbox"
"ADalindin@staff.carstarab.ca","Alex Dalindin","SMTP","Mailbox"
"ALaza@staff.carstarab.ca","Alexandru Iulian Laza","SMTP","Mailbox"
"APolitico@staff.carstarab.ca","Alfie Politico","SMTP","Mailbox"
"Allusers@carstarab.ca","All User","SMTP","PublicDL"
"allstaff@chcollision.com","AllStaff","SMTP","PublicDL"
"ADalindin2@staff.carstarab.ca","Alvin Dalindin","SMTP","Mailbox"
"APringle@carstarab.ca","Amanda Pringle","SMTP","Mailbox"
"ABulai@staff.carstarab.ca","Andrei Bulai","SMTP","Mailbox"
"AInce@carstarab.ca","Andrew Ince","SMTP","Mailbox"
"anorthup@carstar.ca","Andrew Northup","SMTP","Contact"
"ALam@carstarab.ca","Andy Lam","SMTP","Mailbox"
"ADalindin@carstarab.ca","Angelu Dalindin","SMTP","Mailbox"
"AMehta2@carstarab.ca","Ankur Mehta","SMTP","Mailbox"
"ARosales1@staff.carstarab.ca","Ann Nicole Rosales1","SMTP","Mailbox"
"anrosales@calgaryrimrepair.ca","Anna Rosales","SMTP","Mailbox"
"apple@carstarab.ca","Apple","SMTP","PublicDL"
"Applications@carstarab.ca","Applications","SMTP","PublicDL"
"AMunez@staff.carstarab.ca","Arniel Munez","SMTP","Mailbox"
"ARosales@staff.carstarab.ca","Arnold Rosales","SMTP","Mailbox"
"AOlarte@staff.carstarab.ca","Arturo Olarte","SMTP","Mailbox"
"amedina@carstar.ca","Asad Medina","SMTP","Contact"
"AJandrasics@staff.carstarab.ca","Attila Jandrasics","SMTP","Mailbox"
"AJadhav@carstarab.ca","Atul Jadhav (Admin)","SMTP","Mailbox"
"ALeiser@forceautostyling.com","Austin Leiser","SMTP","Mailbox"
"Awa.Ebai@tdinsurance.com","Awa Ebai","SMTP","Contact"
"BackToSchool@mkautogroup.ca","BackToSchool","SMTP","Mailbox"
"BWhittle@staff.carstarab.ca","Barry Whittle","SMTP","Mailbox"
"BPascual@staff.carstarab.ca","Benedict Lampa Pascual","SMTP","Mailbox"
"calgary_boardroomtest@carstarab.ca","Boardroom Test","SMTP","Mailbox"
"BJames@carstarab.ca","Brad James","SMTP","Mailbox"
"BDonst@staff.carstarab.ca","Brandon Donst","SMTP","Mailbox"
"BMacIntosh@carstarab.ca","Brandon MacIntosh","SMTP","Mailbox"
"BCox@staff.carstarab.ca","Brayden Cox","SMTP","Mailbox"
"BGrover@carstarab.ca","Brian Grover","SMTP","Mailbox"
"BHolland@staff.carstarab.ca","Brian Holland","SMTP","Mailbox"
"Bruno.Ferro@tdinsurance.com","Bruno Ferro (TD)","SMTP","Contact"
"BMilan@staff.carstarab.ca","Bryan Carlo Milan","SMTP","Mailbox"
"info@calgaryrimrepair.com","Calgary Rim Repair","SMTP","Mailbox"
"Camera@carstarab.ca","Camera","SMTP","Mailbox"
"CCowling@carstarab.ca","Carla Cowling","SMTP","Mailbox"
"carstar@carstarab.ca","Carstar","SMTP","Mailbox"
"ccft@mkautogroup.ca","Carstar Calgary Flint Towing","SMTP","PublicDL"
"elboya@carstarab.ca","Carstar Elboya","SMTP","PublicDL"
"Elboya_Staff@carstarab.ca","Carstar Elboya Staff","SMTP","PublicDL"
"Express@carstarab.ca","Carstar Express General","SMTP","PublicDL"
"Express_Parts@carstarab.ca","Carstar Express Parts","SMTP","PublicDL"
"Express_VM@carstarab.ca","Carstar Express VM","SMTP","PublicDL"
"Flint@carstarab.ca","Carstar Flint","SMTP","PublicDL"
"Hopewell@carstarab.ca","Carstar Hopewell","SMTP","PublicDL"
"support@carstarab.ca","Carstar IT Support","SMTP","Mailbox"
"Warranty@carstarab.ca","Carstar Warranty","SMTP","Mailbox"
"CBallesteros@carstarab.ca","Casey Riam Ballesteros","SMTP","Mailbox"
"CSenia@staff.carstarab.ca","Catalino Senia","SMTP","Mailbox"
"CPelley@carstarab.ca","Catherine Pelley","SMTP","Mailbox"
"CPelley@mkautogroup.ca","Catherine Pelley","SMTP","Mailbox"
"CCruz@staff.carstarab.ca","Charles John Cruz","SMTP","Mailbox"
"CHoogeveen@staff.carstarab.ca","Chase Hoogeveen","SMTP","Mailbox"
"parts@chcollision.com","CHC Parts","SMTP","Mailbox"
"info@chcollision.com","CHInfo","SMTP","PublicDL"
"Chinook@carstarab.ca","Chinook","SMTP","PublicDL"
"ChinookAppraisers@carstarab.ca","Chinook Appraisers","SMTP","Mailbox"
"CHDashboard@carstarab.ca","Chinook Dashboard","SMTP","Mailbox"
"Chinook_Parts@carstarab.ca","Chinook Parts","SMTP","PublicDL"
"Chinook_Staff@carstarab.ca","Chinook Staff","SMTP","PublicDL"
"CHinderks@staff.carstarab.ca","Chri Lee Hinderks","SMTP","Mailbox"
