EmailAddress,Name,RoutingType,MailboxType
"#1StepUpApplication@fredvictor.org","#1StepUpApplication@fredvictor.org","SMTP","Contact"
"#ref!.conner@KingstonHSC.ca","#ref!.conner@KingstonHSC.ca","SMTP","Contact"
"?Mylene.Martel@hccontario.ca","?Mylene.Martel@hccontario.ca","SMTP","Contact"
"_Carmen._Fuentes@sinaihealth.ca","_Carmen._Fuentes@sinaihealth.ca","SMTP","Contact"
"_Genevieve_.Chow_@sinaihealth.ca","_Genevieve_.Chow_@sinaihealth.ca","SMTP","Contact"
"11Macey@cotainspires.ca","11Macey@cotainspires.ca","SMTP","Contact"
"12PMB@uhn.ca","12PMB@uhn.ca","SMTP","Contact"
"12Sept-CEN@shn.ca","12Sept-CEN@shn.ca","SMTP","Contact"
"12Sept-TSH@shn.ca","12Sept-TSH@shn.ca","SMTP","Contact"
"12Sept-TSH@shn.ca","12Sept-TSH@shn.ca","SMTP","Contact"
"12Sept-TSH@shn.ca","12Sept-TSH@shn.ca","SMTP","Contact"
"1465@sah.on.ca","1465@sah.on.ca","SMTP","Contact"
"1GClericalSupport@unityhealth.to","1GClericalSupport@unityhealth.to","SMTP","Contact"
"2010_s@cotainspires.ca","2010_s@cotainspires.ca","SMTP","Contact"
"2019test@thrivegroup.ca","2019test@thrivegroup.ca","SMTP","Contact"
"2019test@thrivegroup.ca","2019test@thrivegroup.ca","SMTP","Contact"
"280kentst@rmh.org","280kentst@rmh.org","SMTP","Contact"
"2Cynthia.Phillips@kingstonhsc.ca","2Cynthia.Phillips@kingstonhsc.ca","SMTP","Contact"
"2Denise.Love@kingstonhsc.ca","2Denise.Love@kingstonhsc.ca","SMTP","Contact"
"2james.colgrave@kingstonhsc.ca","2james.colgrave@kingstonhsc.ca","SMTP","Contact"
"2Kerry.Benford@kingstonhsc.ca","2Kerry.Benford@kingstonhsc.ca","SMTP","Contact"
"2North.MobileDevices@nygh.on.ca","2North.MobileDevices@nygh.on.ca","SMTP","Contact"
"2Pamela.Sauve@kingstonhsc.ca","2Pamela.Sauve@kingstonhsc.ca","SMTP","Contact"
"2SouthEast.MobileDevices@nygh.on.ca","2SouthEast.MobileDevices@nygh.on.ca","SMTP","Contact"
"2west.MobileDevices@nygh.on.ca","2west.MobileDevices@nygh.on.ca","SMTP","Contact"
"3856@sah.on.ca","3856@sah.on.ca","SMTP","Contact"
"3Barbara.Metaxas@kingstonhsc.ca","3Barbara.Metaxas@kingstonhsc.ca","SMTP","Contact"
"3EClericalSupport@unityhealth.to","3EClericalSupport@unityhealth.to","SMTP","Contact"
"3North.MobileDevices@nygh.on.ca","3North.MobileDevices@nygh.on.ca","SMTP","Contact"
"3sarmstrong@kgh.kari.net","3sarmstrong@kgh.kari.net","SMTP","Contact"
"3SOBoardroomSuite402@kingstonhsc.ca","3SOBoardroomSuite402@kingstonhsc.ca","SMTP","Contact"
"3SOConfLine1ResMB@kingstonhsc.ca","3SOConfLine1ResMB@kingstonhsc.ca","SMTP","Contact"
"3SOMarshallRoomSuite@kingstonhsc.ca","3SOMarshallRoomSuite@kingstonhsc.ca","SMTP","Contact"
"4315@sah.on.ca","4315@sah.on.ca","SMTP","Contact"
"4606@sah.on.ca","4606@sah.on.ca","SMTP","Contact"
"4M.PTAC@unityhealth.to","4M.PTAC@unityhealth.to","SMTP","Contact"
"5295@sah.on.ca","5295@sah.on.ca","SMTP","Contact"
"5323@sah.on.ca","5323@sah.on.ca","SMTP","Contact"
"5575@sah.on.ca","5575@sah.on.ca","SMTP","Contact"
"59FRVolunteer@fredvictor.org","59FRVolunteer@fredvictor.org","SMTP","Contact"
"5west.mobiledevices@nygh.on.ca","5west.mobiledevices@nygh.on.ca","SMTP","Contact"
"6009@sah.on.ca","6009@sah.on.ca","SMTP","Contact"
"6014@sah.on.ca","6014@sah.on.ca","SMTP","Contact"
"6084@sah.on.ca","6084@sah.on.ca","SMTP","Contact"
"6265@sah.on.ca","6265@sah.on.ca","SMTP","Contact"
"6316@sah.on.ca","6316@sah.on.ca","SMTP","Contact"
"6504@sah.on.ca","6504@sah.on.ca","SMTP","Contact"
"6630@sah.on.ca","6630@sah.on.ca","SMTP","Contact"
"6960@sah.on.ca","6960@sah.on.ca","SMTP","Contact"
"6ATransplantScheduling@uhn.ca","6ATransplantScheduling@uhn.ca","SMTP","Contact"
"6Gevisit1@unityhealth.to","6Gevisit1@unityhealth.to","SMTP","Contact"
"6Gevisit2@unityhealth.to","6Gevisit2@unityhealth.to","SMTP","Contact"
"7-811MeetingRoom@uhn.ca","7-811MeetingRoom@uhn.ca","SMTP","Contact"
"7&8SE.Mobiledevices@nygh.on.ca","7&8SE.Mobiledevices@nygh.on.ca","SMTP","Contact"
"7042@sah.on.ca","7042@sah.on.ca","SMTP","Contact"
"7044@sah.on.ca","7044@sah.on.ca","SMTP","Contact"
"7062@sah.on.ca","7062@sah.on.ca","SMTP","Contact"
"7123@sah.on.ca","7123@sah.on.ca","SMTP","Contact"
"7278@sah.on.ca","7278@sah.on.ca","SMTP","Contact"
"7North.iPad@nygh.on.ca","7North.iPad@nygh.on.ca","SMTP","Contact"
"7thLevelClinic@SHN.ca","7thLevelClinic@SHN.ca","SMTP","Contact"
"7west.mobiledevices@nygh.on.ca","7west.mobiledevices@nygh.on.ca","SMTP","Contact"
"86lombard@fredvictor.org","86lombard@fredvictor.org","SMTP","Contact"
"86lombard@fredvictor.org","86lombard@fredvictor.org","SMTP","Contact"
"86lombard@fredvictor.org","86lombard@fredvictor.org","SMTP","Contact"
"911Interpreters@uhn.ca","911Interpreters@uhn.ca","SMTP","Contact"
"9hstreet@rmh.org","9hstreet@rmh.org","SMTP","Contact"
"A.Asindi@hccontario.ca","A.Asindi@hccontario.ca","SMTP","Contact"
"A.Beaulieu1@elfht.ca","A.Beaulieu1","SMTP","Mailbox"
"a.doucettetamane@hccontario.ca","a.doucettetamane@hccontario.ca","SMTP","Contact"
"a.griffith@hccontario.ca","a.griffith@hccontario.ca","SMTP","Contact"
"a.ipad@cmhamiddlesex.ca","a.ipad@cmhamiddlesex.ca","SMTP","Contact"
"a.macdonald@lolcs.com","a.macdonald","SMTP","Mailbox"
"A.Martin.Friedberg@uhn.ca","A.Martin.Friedberg@uhn.ca","SMTP","Contact"
"a.pickens@hccontario.ca","a.pickens@hccontario.ca","SMTP","Contact"
"A.Simko-MacDonald@hccontario.ca","A.Simko-MacDonald@hccontario.ca","SMTP","Contact"
"a.strong@qhc.on.ca","a.strong@qhc.on.ca","SMTP","Contact"
"a.tange@qhc.on.ca","a.tange@qhc.on.ca","SMTP","Contact"
"A.Westwood-Smith@hccontario.ca","A.Westwood-Smith@hccontario.ca","SMTP","Contact"
"a13256@sinaihealthsystem.ca","a13256@sinaihealthsystem.ca","SMTP","Contact"
"a13276@sinaihealth.ca","a13276@sinaihealth.ca","SMTP","Contact"
"a13290@sinaihealth.ca","a13290@sinaihealth.ca","SMTP","Contact"
"a13291@sinaihealth.ca","a13291@sinaihealth.ca","SMTP","Contact"
"a13293@sinaihealth.ca","a13293@sinaihealth.ca","SMTP","Contact"
"a13294@sinaihealth.ca","a13294@sinaihealth.ca","SMTP","Contact"
"a13295@sinaihealth.ca","a13295@sinaihealth.ca","SMTP","Contact"
"a13296@sinaihealth.ca","a13296@sinaihealth.ca","SMTP","Contact"
"a13297@sinaihealth.ca","a13297@sinaihealth.ca","SMTP","Contact"
"a13298@sinaihealth.ca","a13298@sinaihealth.ca","SMTP","Contact"
"a13299@sinaihealth.ca","a13299@sinaihealth.ca","SMTP","Contact"
"a13300@sinaihealth.ca","a13300@sinaihealth.ca","SMTP","Contact"
"a13301@sinaihealth.ca","a13301@sinaihealth.ca","SMTP","Contact"
"A13330.device@sinaihealth.ca","A13330.device@sinaihealth.ca","SMTP","Contact"
"a13351@sinaihealth.ca","a13351@sinaihealth.ca","SMTP","Contact"
"a13353@sinaihealth.ca","a13353@sinaihealth.ca","SMTP","Contact"
"a13354@sinaihealth.ca","a13354@sinaihealth.ca","SMTP","Contact"
