EmailAddress,Name,RoutingType,MailboxType
"abbie.siroishka@kenorachiefs.org","Abbie Siroishka","SMTP","Mailbox"
"abby.bennett@kenorachiefs.org","Abby Bennett","SMTP","Mailbox"
"accountant@kenorachiefs.org","Accountant","SMTP","Mailbox"
"Addictions@Mitaanjigamiing.ca","Addictions Mitaanjigamiing.ca","SMTP","Contact"
"Administrator@kenorachiefs.org","Administrator","SMTP","Mailbox"
"adrianna.ambs@kenorachiefs.org","Adrianna Ambs","SMTP","Mailbox"
"agnes.burgos@kenorachiefs.org","Agnes Burgos","SMTP","Mailbox"
"agnes.paul@kenorachiefs.org","Agnes Paul","SMTP","Mailbox"
"aoshie.councillor@nwa37","Aileen Oshie","SMTP","Contact"
"aj.white@kenorachiefs.org","AJ White","SMTP","Mailbox"
"alannah.mendowegan@kenorachiefs.org","Alannah Mendowegan","SMTP","Mailbox"
"alex.akong@kenorachiefs.org","Alex Akong","SMTP","Mailbox"
"alex.larson@kenorachiefs.org","Alex Larson","SMTP","Mailbox"
"alexis.heatherington@kenorachiefs.org","Alexis Heatherington","SMTP","Mailbox"
"alison.napish@kenorachiefs.org","Alison Napish","SMTP","Mailbox"
"allstaff@kenorachiefs.org","All Staff","SMTP","PublicDL"
"allan.white@kenorachiefs.org","Allan White","SMTP","Mailbox"
"amanda.fobister@kenorachiefs.org","Amanda Fobister","SMTP","Mailbox"
"amanda.gray@kenorachiefs.org","Amanda Gray","SMTP","Mailbox"
"amanda.taylor@kenorachiefs.org","Amanda Taylor","SMTP","Mailbox"
"amber.sinclair@kenorachiefs.org","Amber Sinclair","SMTP","Mailbox"
"amy.mosionier@kenorachiefs.org","Amy Mosionier","SMTP","Mailbox"
"amy.payne@kenorachiefs.org","Amy Payne","SMTP","Mailbox"
"andrew.barclay@kenorachiefs.org","Andrew Barclay","SMTP","Mailbox"
"Andrew.Lockwood@kenorachiefs.org","Andrew Lockwood","SMTP","Mailbox"
"andy.white@kenorachiefs.org","Andy White","SMTP","Mailbox"
"annmarie.tuusa@kenorachiefs.org","Ann Marie Tuusa","SMTP","Mailbox"
"anurita.ghosh@kenorachiefs.org","Anurita Ghosh","SMTP","Mailbox"
"aprilstarrtuesday@hotmail.com","April S. Tuesday","SMTP","Contact"
"archie.fisher@kenorachiefs.org","Archie Fisher","SMTP","Mailbox"
"arlene.szestopalow@kpdsb.on.ca","Arlene Szestopalow","SMTP","Contact"
"aryn.puls@kenorachiefs.org","Aryn Puls","SMTP","Mailbox"
"assistant@nigig.ca","Assistant Nigig","SMTP","Contact"
"audra.penner@kenorachiefs.org","Audra Penner","SMTP","Mailbox"
"ben.finlan@kenorachiefs.org","Ben Finlan","SMTP","Mailbox"
"benjamin.marks@kenorachiefs.org","Benjamin Marks","SMTP","Mailbox"
"billy.boucher@kenorachiefs.org","Billy Boucher","SMTP","Mailbox"
"b.ledoux@hotmail.com","Blanche Ledoux","SMTP","Contact"
"boardofdirectors@kenorachiefs.org","Board of Directors","SMTP","PublicDL"
"bod@kenorachiefs.org","BoD","SMTP","PublicDL"
"Braden.Lamarche@kenorachiefs.org","Braden Lamarche","SMTP","Mailbox"
"brady.hawkins@kenorachiefs.org","Brady Hawkins","SMTP","Mailbox"
"brandi.milko@kenorachiefs.org","Brandi Milko","SMTP","Mailbox"
"bree-anne.batog@kenorachiefs.org","Bree-Anne Batog","SMTP","Mailbox"
"breena.kokopenace@kenorachiefs.org","Breena Kokopenace","SMTP","Mailbox"
"b_redsky@hotmail.com","Brenda Freel","SMTP","Contact"
"brianna.gatrel@kenorachiefs.org","Brianna Gatrel","SMTP","Mailbox"
"brianna.gatrell@kenorachiefs.org","Brianna Gatrell","SMTP","Mailbox"
"brianna.skead@kenorachiefs.org","Brianna Skead","SMTP","Mailbox"
"brianne.mousseaux@kenorachiefs.org","Brianne Mousseaux","SMTP","Mailbox"
"brittany.mccallister@kenorachiefs.org","Brittany McCallister","SMTP","Mailbox"
"brooklyn.copenace@kenorachiefs.org","Brooklyn Copenace","SMTP","Mailbox"
"bruce.rogers@kenorachiefs.org","Bruce Rogers","SMTP","Mailbox"
"brylin.schwan@kenorachiefs.org","Brylin Hacking-Schwan","SMTP","Mailbox"
"caitlin.bryant@kenorachiefs.org","Caitlin Bryant","SMTP","Mailbox"
"lesliecameronrc@gmail.com","Cameron RC","SMTP","Contact"
"cancer.care@kenorachiefs.org","Cancer Care","SMTP","Mailbox"
"carly.harder@kenorachiefs.org","Carly Harder","SMTP","Mailbox"
"carrie.johnson@kenorachiefs.org","Carrie Johnson","SMTP","Mailbox"
"casperiuno@gmail.com","Casper White","SMTP","Contact"
"catherine.cameron@kenorachiefs.org","Catherine Cameron","SMTP","Mailbox"
"chalise.kenny@kenorachiefs.org","Chalise Kenny","SMTP","Mailbox"
"chantel.beacham@kenorachiefs.org","Chantel Beacham","SMTP","Mailbox"
"charles.kittson@kenorachiefs.org","Charles Kittson","SMTP","Mailbox"
"chelsea.wiersema@kenorachiefs.org","Chelsea Wiersema","SMTP","Mailbox"
"chelsey.blackjack@kenorachiefs.org","Chelsey Blackjack","SMTP","Mailbox"
"chelsey.copenace@kenorachiefs.org","Chelsey Copenace","SMTP","Mailbox"
"cheyenna.white@kenorachiefs.org","Cheyenna White","SMTP","Mailbox"
"cskead@wonation.ca","Chief Chris Skead","SMTP","Contact"
"chief@nwa33.ca","Chief Darlene Comegan","SMTP","Contact"
"h.kabestra2013@gmail.com","Chief Howard Kabestra","SMTP","Contact"
"kredsky11@hotmail.com","Chief Kevin Redsky","SMTP","Contact"
"CHIEF@nwa37.ca","Chief Linda McVicar","SMTP","Contact"
"chief@niisaachewan.ca","Chief Lorraine Cobiness","SMTP","Contact"
"ryfobister@gmail.com","Chief Randy Fobister","SMTP","Contact"
"vernon.copenace@wbfn.ca","Chief Vernon Copenace","SMTP","Contact"
"waylonsc@yahoo.com","Chief Waylon Scott","SMTP","Contact"
"chris.edie@kpdsb.on.ca","Chris Edie","SMTP","Contact"
"christina.chute@kenorachiefs.org","Christina Chute","SMTP","Mailbox"
"christine.wesley@kenorachiefs.org","Christine Wesley","SMTP","Mailbox"
"clayton.cameron@kenorachiefs.org","Clayton Cameron","SMTP","Mailbox"
"Clement.Wetelainen@kenorachiefs.org","Clement Wetelainen","SMTP","Mailbox"
"cole.tattrie@kenorachiefs.org","Cole Tattrie","SMTP","Mailbox"
"conference@kenorachiefs.org","Conference Center","SMTP","Mailbox"
"corinne.demers@kenorachiefs.org","Corinne Demers","SMTP","Mailbox"
"corrina.oldford@kenorachiefs.org","Corrina Oldford","SMTP","Mailbox"
"couradge.wapioke@kenorachiefs.org","Couradge Wapioke","SMTP","Mailbox"
"crystal.morrison@kenorachiefs.org","Crystal Morrison","SMTP","Mailbox"
"crystal.wilson@kenorachiefs.org","Crystal Wilson","SMTP","Mailbox"
"curtisprimeau@tbaytel.net","Curtis Primeau","SMTP","Contact"
"cymh@kenorachiefs.org","CYMH","SMTP","PublicDL"
"dalton.wesley@kenorachiefs.org","Dalton Wesley","SMTP","Mailbox"
"dan.anderson@kenorachiefs.org","Dan Anderson","SMTP","Mailbox"
"daniel.neapetung@kenorachiefs.org","Daniel Neapetung","SMTP","Mailbox"
"daniel.phillipow@kenorachiefs.org","Daniel Phillipow","SMTP","Mailbox"
"danielle.everson@kenorachiefs.org","Danielle Everson","SMTP","Mailbox"
"danika.crow@kenorachiefs.org","Danika Crow","SMTP","Mailbox"
"darian.derosiers@kenorachiefs.org","Darian Derosiers","SMTP","Mailbox"
"darlene.comegan@outlook.com","Darlene Comegan","SMTP","Contact"
"daryl.redsky@kenorachiefs.org","Daryl Redsky","SMTP","Mailbox"
