EmailAddress,Name,RoutingType,MailboxType
"awjobs@canalta.com","A&W Jobs","SMTP","Mailbox"
"awreports@canalta.com","A&W Reports","SMTP","Mailbox"
"aaron.riehl@canalta.com","Aaron Riehl","SMTP","Mailbox"
"accommodations@canalta.com","Accommodations","SMTP","Mailbox"
"accounting@hannagm.com","Accounting Hanna GM","SMTP","Mailbox"
"accpay@canalta.com","Accounts Payable","SMTP","Mailbox"
"accr@canalta.com","Accounts Receivable","SMTP","Mailbox"
"AGM@canalta.com","AGM","SMTP","Mailbox"
"agmcanaltabrandon@canalta.com","AGM Canalta Brandon","SMTP","Mailbox"
"agmthelanding@canalta.com","AGM St Paul Inn","SMTP","Mailbox"
"AGRAdmin@canalta.com","AGR Admin","SMTP","Mailbox"
"agresso@canalta.com","Agresso","SMTP","Mailbox"
"alissa.mclaren@canalta.com","Alissa McLaren","SMTP","Mailbox"
"aly.price@canalta.com","Aly Price","SMTP","Mailbox"
"amanda.stahl@canalta.com","Amanda Stahl","SMTP","Mailbox"
"amber.hodgson@canalta.com","Amber Hodgson","SMTP","Mailbox"
"andrew.nadon@canalta.com","Andrew Nadon","SMTP","Mailbox"
"andy.goddard@canalta.com","Andy Goddard","SMTP","Mailbox"
"angeline.cerico@canalta.com","Angeline Cerico","SMTP","Mailbox"
"awassiniboia@canalta.com","Assiniboia A&W","SMTP","Mailbox"
"asstcoach@canalta.com","Assistant Coach","SMTP","Mailbox"
"agmhamptongp@canalta.com","Assistant GM Hampton Grande Prairie","SMTP","Mailbox"
"agmhamptonmh@canalta.com","Assistant GM Hampton Medicine Hat","SMTP","Mailbox"
"awathabasca@canalta.com","Athabasca A&W","SMTP","Mailbox"
"bpathabasca@canalta.com","Athabasca BP","SMTP","Mailbox"
"avery@canalta.com","Avery Christianson","SMTP","Mailbox"
"awavonhurst@canalta.com","Avonhurst A&W","SMTP","Mailbox"
"awfeedback@canalta.com","AW Feedback","SMTP","Mailbox"
"awrepair@canalta.com","AW Repair","SMTP","Mailbox"
"backtobasics@canalta.com","Back To Basics","SMTP","Mailbox"
"banffreservations@canalta.com","Banff Reservations","SMTP","Mailbox"
"barb.zabos@canalta.com","Barb Zabos","SMTP","Mailbox"
"agmbarneys@canalta.com","Barneys AGM","SMTP","Mailbox"
"bernardo.castillo@canalta.com","Bernardo Castillo","SMTP","Mailbox"
"BESAdmin@canalta.com","BES","SMTP","Mailbox"
"awblackfalds@canalta.com","Blackfalds A&W","SMTP","Mailbox"
"blair@canalta.com","Blair Christianson","SMTP","Mailbox"
"bostonpizza@canalta.com","Boston Pizza","SMTP","Mailbox"
"bpjobs@canalta.com","Boston Pizza Jobs","SMTP","Mailbox"
"bpboxsprings@canalta.com","Box Springs BP","SMTP","Mailbox"
"bpcontest@canalta.com","BP Contest","SMTP","Mailbox"
"bpkindersley@canalta.com","BP Kindersley","SMTP","Mailbox"
"bpmeadowlake@canalta.com","BP Meadow Lake","SMTP","Mailbox"
"bpstrachanrd@canalta.com","BP Strachan Road","SMTP","Mailbox"
"breanne.larson@canalta.com","Breanne Corey","SMTP","Mailbox"
"brenda@canalta.com","Brenda Briggs","SMTP","Mailbox"
"brent@canalta.com","Brent Plante","SMTP","Mailbox"
"brett.rogers@canalta.com","Brett Rogers","SMTP","Mailbox"
"brooke@canalta.com","Brooke Christianson","SMTP","Mailbox"
"bpbrooks@canalta.com","Brooks BP","SMTP","Mailbox"
"bryan.stratton@canalta.com","Bryan Stratton","SMTP","Mailbox"
"callconversion@canalta.com","Call Conversion","SMTP","Mailbox"
"cam@canalta.com","Cam Christianson","SMTP","Mailbox"
"camroseaw@canalta.com","Camrose A&W","SMTP","Mailbox"
"canaltaassiniboia@canalta.com","Canalta Assiniboia","SMTP","Mailbox"
"canaltabrandon@canalta.com","Canalta Brandon","SMTP","Mailbox"
"canaltabrooks@canalta.com","Canalta Brooks","SMTP","Mailbox"
"canaltacamrose@canalta.com","Canalta Camrose","SMTP","Mailbox"
"careers@canalta.com","Canalta Careers","SMTP","Mailbox"
"cce@canalta.com","Canalta CCE","SMTP","Mailbox"
"contests@canalta.com","Canalta Contests","SMTP","Mailbox"
"canaltaesterhazy@canalta.com","Canalta Esterhazy","SMTP","Mailbox"
"events@canalta.com","Canalta Events","SMTP","Mailbox"
"green@canalta.com","Canalta Green","SMTP","Mailbox"
"canaltahanna@canalta.com","Canalta Hanna","SMTP","Mailbox"
"canaltahumboldt@canalta.com","Canalta Humboldt","SMTP","Mailbox"
"canaltajurassic@canalta.com","Canalta Jurassic","SMTP","Mailbox"
"canaltakindersley@canalta.com","Canalta Kindersley","SMTP","Mailbox"
"canaltalaclabiche@canalta.com","Canalta Lac La Biche","SMTP","Mailbox"
"canaltalodge@canalta.com","Canalta Lodge","SMTP","Mailbox"
"lodgehost@canalta.com","Canalta Lodge Host","SMTP","Mailbox"
"Maintenance2@canalta.com","Canalta Maintenance","SMTP","Mailbox"
"marketing@canalta.com","Canalta Marketing","SMTP","Mailbox"
"canaltamartensville@canalta.com","Canalta Martensville","SMTP","Mailbox"
"canaltamelfort@canalta.com","Canalta Melfort","SMTP","Mailbox"
"canaltamoosomin@canalta.com","Canalta Moosomin","SMTP","Mailbox"
"canaltaoyen@canalta.com","Canalta Oyen","SMTP","Mailbox"
"canaltaponoka@canalta.com","Canalta Ponoka","SMTP","Mailbox"
"canaltaprovost@canalta.com","Canalta Provost","SMTP","Mailbox"
"recap@canalta.com","Canalta Recap","SMTP","Mailbox"
"recruiting@canalta.com","Canalta Recruiting","SMTP","Mailbox"
"Rewards@canalta.com","Canalta Rewards","SMTP","Mailbox"
"canaltarimbey@canalta.com","Canalta Rimbey","SMTP","Mailbox"
"canaltarockymountain@canalta.com","Canalta Rocky","SMTP","Mailbox"
"safety@canalta.com","Canalta Safety","SMTP","Mailbox"
"scholarship@canalta.com","Canalta Scholarship","SMTP","Mailbox"
"canaltaselkirk@canalta.com","Canalta Selkirk","SMTP","Mailbox"
"canaltashaunavon@canalta.com","Canalta Shaunavon","SMTP","Mailbox"
"canaltastpaul@canalta.com","Canalta St Paul","SMTP","Mailbox"
"canaltastettler@canalta.com","Canalta Stettler","SMTP","Mailbox"
"support@canalta.com","Canalta Support","SMTP","Mailbox"
"canaltatisdale@canalta.com","Canalta Tisdale","SMTP","Mailbox"
"canaltaweyburn@canalta.com","Canalta Weyburn","SMTP","Mailbox"
"guests@canaltaweyburn.com","Canalta Weyburn Guests","SMTP","Mailbox"
"awcapcity@canalta.com","Cap City A&W","SMTP","Mailbox"
"carley@canalta.com","Carley Tracey","SMTP","Mailbox"
"carlos.razon@canalta.com","Carlos Razon","SMTP","Mailbox"
"awcarlyle@canalta.com","Carlyle A&W","SMTP","Mailbox"
"vanshawlounge@canalta.com","Casino Lounge","SMTP","Mailbox"
"CasualDining@canalta.com","Casual Dining","SMTP","PublicDL"
