EmailAddress,Name,RoutingType,MailboxType
"Gas.Card.Holders@abcosupply.com","ABCO Gas Card Holders","SMTP","PublicDL"
"Golf.2017@abcosupply.com","ABCO Golf 2017","SMTP","PublicDL"
"iPhones@abcosupply.com","ABCO iPhone users","SMTP","PublicDL"
"Reception@abcosupply.com","ABCO Reception","SMTP","Mailbox"
"shop@abcosupply.com","ABCO Shop Manager","SMTP","Mailbox"
"ifax@abcosupply.com","ABCO Supply & Service Ltd.","SMTP","Mailbox"
"ABCOSUPPLY@abcosupply.com","ABCO Supply & Service Ltd.","SMTP","PublicDL"
"ABCO-iR-Test-DG@abcosupply.com","ABCO-iR-Test-DG","SMTP","PublicDL"
"oleg.krylov@irangers.com","ABCO-TestContact","SMTP","Contact"
"ABCO-TestDG@abcosupply.com","ABCO-TestDG","SMTP","PublicDL"
"abemister@hotmail.com","ABEMISTER","SMTP","Contact"
"Account.Assistant@abcosupply.com","Account Assistant","SMTP","Mailbox"
"Accubid.Electrical@abcosupply.com","Accubid Electrical","SMTP","PublicDL"
"Accubid.Mechanical@abcosupply.com","Accubid Mechanical","SMTP","PublicDL"
"ActiveEmployees@abcosupply.com","Active Employee's","SMTP","PublicDL"
"Adam.Bemister@abcosupply.com","Adam Bemister","SMTP","Mailbox"
"Adam.Kiernicki@abcosupply.com","Adam Kiernicki","SMTP","Mailbox"
"adamratte@hotmail.com","ADAM RATTE","SMTP","Contact"
"Admin@abcosupply.com","Admin","SMTP","PublicDL"
"alex.g.cu92@gmail.com","ALEX CUMMING","SMTP","Contact"
"ajkolbuck@yahoo.ca","ALEX J. KOLBUCK","SMTP","Contact"
"Allan.Walker@abcosupply.com","Allan Walker","SMTP","Mailbox"
"andrew.macfarlane1974@gmail.com","AMacFARLANE","SMTP","Contact"
"AJ.GOOD83@GMAIL.COM","ANDREW GOOD","SMTP","Contact"
"Anna.Kalamaj@abcosupply.com","Anna Kalamaj","SMTP","Mailbox"
"AP@abcosupply.com","AP","SMTP","PublicDL"
"blocksandtots@mymts.net","BASMUNDSON","SMTP","Contact"
"ggreens@mts.net","BCUMMINS","SMTP","Contact"
"brady_erickson@msn.com","BERICKSON","SMTP","Contact"
"brenthammerback@hotmail.com","BHAMMERBACK","SMTP","Contact"
"BRENT121@MSN.COM","BJOHNSTON","SMTP","Contact"
"wkingdon@mymts.net","BKINGDON","SMTP","Contact"
"Blaine.Asmundson@abcosupply.com","Blaine Asmundson","SMTP","Mailbox"
"BlakeSigurdson@gmail.com","BLAKE T SIGURDSON","SMTP","Contact"
"bordernumber1@hotmail.com","BLUFF","SMTP","Contact"
"ABCO.Board.Room@abcosupply.com","Board Room","SMTP","Mailbox"
"andbobsyeruncle@hotmail.com","BOB W. RYAN","SMTP","Contact"
"Bob.Munz@abcosupply.com","Bob Munz","SMTP","Mailbox"
"BRADYNGRATTON@GMAIL.COM","BRADYN P. GRATTON","SMTP","Contact"
"BRENDENOLSON71@GMAIL.COM","BRENDEN M. OLSON","SMTP","Contact"
"Brendon.Thiessen@abcosupply.com","Brendon Thiessen","SMTP","Mailbox"
"Brent.Bergson@abcosupply.com","Brent Bergson","SMTP","Mailbox"
"Brett.Shorrock@abcosupply.com","Brett Shorrock","SMTP","Mailbox"
"brianhares59@gmail.com","BRIAN C. HARES","SMTP","Contact"
"Brian.Cabral@abcosupply.com","Brian Cabral","SMTP","Mailbox"
"bcinq@mymts.net","BRIAN CINQ-MARS","SMTP","Contact"
"Brian.Cummins@abcosupply.com","Brian Cummins","SMTP","Mailbox"
"Brigette.Reyes@abcosupply.com","Brigette Reyes","SMTP","Mailbox"
"brcwiebe24@gmail.com","BRUCE LEE WIEBE","SMTP","Contact"
"BNERBAS@HOTMAIL.COM","BRUCE NERBAS","SMTP","Contact"
"Bruce.Shaw@abcosupply.com","Bruce Shaw","SMTP","Mailbox"
"Bruce.Wiebe@abcosupply.com","Bruce Wiebe","SMTP","Mailbox"
"bad_dog_96@hotmail.com","BRYAN GREGORY","SMTP","Contact"
"Bryan.Kingdon@abcosupply.com","Bryan Kingdon","SMTP","Mailbox"
"bort_9@hotmail.com","BSHORROCK","SMTP","Contact"
"chip11@mymts.net","BZACHARIAS","SMTP","Contact"
"Carl.Hochheim@abcosupply.com","Carl Hochheim","SMTP","Mailbox"
"Carlos.Miranda@abcosupply.com","Carlos Miranda","SMTP","Mailbox"
"freakin_four@hotmail.com","CDEKONING","SMTP","Contact"
"caseyscw@mymts.net","CEVANS","SMTP","Contact"
"Chad.Shorrock@abcosupply.com","Chad Shorrock","SMTP","Mailbox"
"carlhochheim@gmail.com","CHOCHHEIM","SMTP","Contact"
"Chris.DeKoning@abcosupply.com","Chris DeKoning","SMTP","Mailbox"
"Chris.Klepacki@abcosupply.com","Chris Klepacki","SMTP","Mailbox"
"chrismromano@yahoo.ca","CHRIS ROMANO","SMTP","Contact"
"Christmass@abcosupply.com","Christmass","SMTP","PublicDL"
"Chuck.McNeil@abcosupply.com","Chuck McNeil","SMTP","Mailbox"
"cjuby89@gmail.com","CJUBINVILLE","SMTP","Contact"
"chris_klepacki@hotmail.com","CKLEPACKI","SMTP","Contact"
"codicarr@hotmail.com","CODI JAMES CARR","SMTP","Contact"
"Cody.Draper@abcosupply.com","Cody Draper","SMTP","Mailbox"
"tdhawton@gmail.com","CODY DRAPER","SMTP","Contact"
"colehilderman@gmail.com","COLE HILDERMAN","SMTP","Contact"
"Colin.Jubinville@abcosupply.com","Colin Jubinville","SMTP","Mailbox"
"colin.simpson89@gmail.com","COLIN SCOTT SIMPSON","SMTP","Contact"
"Colin.Simpson@abcosupply.com","Colin Simpson","SMTP","Mailbox"
"Collin.Kost@abcosupply.com","Collin Kost","SMTP","Mailbox"
"coltmeloney@icloud.com","COLT D. MELONEY","SMTP","Contact"
"Comply@abcosupply.com","Comply","SMTP","PublicDL"
"Corey.Pattyn@abcosupply.com","Corey Pattyn","SMTP","Mailbox"
"cortneyolson1@gmail.com","CORTNEY OLSON","SMTP","Contact"
"Cory.Williamson@abcosupply.com","Cory Williamson","SMTP","Mailbox"
"coreypattyn@hotmail.com","CPATTYN","SMTP","Contact"
"Dan.Olson@abcosupply.com","Dan Olson","SMTP","Mailbox"
"daniel_theduck@hotmail.com","DANIEL LEO GRATTON","SMTP","Contact"
"DARSIM24@GMAIL.COM","DARRELL SIMARD","SMTP","Contact"
"Dave.Carroll@abcosupply.com","Dave Carroll","SMTP","Mailbox"
"David.Brown@abcosupply.com","David Brown","SMTP","Mailbox"
"dcam61@hotmail.com","DAVID N.T. CAMPBELL","SMTP","Contact"
"David.Reiner@abcosupply.com","David Reiner","SMTP","Mailbox"
"dbaseraba@gmail.com","DBASERABA","SMTP","Contact"
"cdd1@mymts.net","DDUCHARME","SMTP","Contact"
"Denis.Georgison@abcosupply.com","Denis Georgison","SMTP","Mailbox"
"denversellner00@gmail.com","DENVER SELLNER","SMTP","Contact"
"derekmarchant555@gmail.com","DEREK MARCHANT","SMTP","Contact"
"DEREKLAYE@GMAIL.COM","DEREK V. LAYE","SMTP","Contact"
"Derp.Derpson2@abcosupply.com","Derp Derpson","SMTP","Mailbox"
"dean.fennell@live.com","DFENNELL","SMTP","Contact"
"dgeorgison@hotmail.com","DGEORGISON","SMTP","Contact"
"middleman871@yahoo.ca","DGOBEIL","SMTP","Contact"
