EmailAddress,Name,RoutingType,MailboxType
"aapo@Axcan.com","AAPO","SMTP","Contact"
"KSheheid@Axcan.com","Abdel-Sheheid Karim","SMTP","Contact"
"accntdir@os4techno.com","Account Director","SMTP","PublicDL"
"AccountingConfRoomUS@Axcan.com","Accounting Conf Room-US","SMTP","Contact"
"accueilaxcan@Axcan.com","Accueil Axcan S.A.","SMTP","Contact"
"ladalbert@Axcan.com","Adalbert Leo","SMTP","Contact"
"radames@Axcan.com","Adames Rosanna","SMTP","Contact"
"aadcock@Axcan.com","Adcock Amanda","SMTP","Contact"
"iadjahi@axcan.com","Adjahi Isabelle","SMTP","Contact"
"Administration@os4techno.com","Administration","SMTP","Mailbox"
"frhouadministrationdesventes@Axcan.com","Administration des ventes","SMTP","Contact"
"AE-SupportSQL@os4techno.com","AE-SupportSQL","SMTP","Mailbox"
"frhouaffairesreglementaires@Axcan.com","Affaires reglementaires","SMTP","Contact"
"paiello@Axcan.com","Aiello Patrizia","SMTP","Contact"
"ealain@Axcan.com","Alain Ève(ealain)","SMTP","Contact"
"alain.potvin@os4techno.com","Alain Potvin","SMTP","Mailbox"
"alexandre.jolin@os4techno.com","Alexandre Jolin","SMTP","Mailbox"
"talexanian@Axcan.com","Alexanian Tamarl","SMTP","Contact"
"jfalie@Axcan.com","Alie Jean-François(jfalie)","SMTP","Contact"
"AllAxcanPharma@os4techno.com","All Axcan Pharma","SMTP","PublicDL"
"calmon@Axcan.com","Almon Corey","SMTP","Contact"
"cameres@Axcan.com","Ameres Chris","SMTP","Contact"
"amine.sabeur@os4techno.com","Amine Sabeur","SMTP","Mailbox"
"Anas.Oueld-Rhiri@os4techno.com","Anas Oueld-Rhiri","SMTP","Mailbox"
"KAnderson@Axcan.com","Anderson Kelly","SMTP","Contact"
"randerson@Axcan.com","Anderson Robin","SMTP","Contact"
"andrew.kansy@os4techno.com","Andrew Kansy","SMTP","Mailbox"
"angelique.ishimwe@os4techno.com","Angelique Ishimwe","SMTP","Mailbox"
"annie.zongo@os4techno.com","Annie Maud Flora Zongo","SMTP","Mailbox"
"antoine.talamas@os4techno.com","Antoine Talamas","SMTP","Mailbox"
"haouat@Axcan.com","Aouat Hamida","SMTP","Contact"
"appelservice@os4techno.com","appelservices","SMTP","Mailbox"
"aarbey@Axcan.com","Arbey Alban","SMTP","Contact"
"farbitre@Axcan.com","Arbitre Francois","SMTP","Contact"
"aarchambault@Axcan.com","Archambault Alex","SMTP","Contact"
"tarfa@Axcan.com","Arfa Taha","SMTP","Contact"
"armen.sarkissyan@os4techno.com","Armen Sarkissyan","SMTP","Mailbox"
"Sarsenault@Axcan.com","Arsenault Sylviane","SMTP","Contact"
"asmaa.el-quars@os4techno.com","Asmaa El Quars","SMTP","Mailbox"
"MAsselin@Axcan.com","Asselin Michelle","SMTP","Contact"
"frhouassurancequalite@Axcan.com","Assurance qualite","SMTP","Contact"
"raubray@Axcan.com","Aubray Roxane","SMTP","Contact"
"laubry@Axcan.com","Aubry Ludovic","SMTP","Contact"
"CustSer@Axcan.com","AXCAN Customer Service","SMTP","Contact"
"amessage@Axcan.com","Axcan-Message","SMTP","Contact"
"rayache@Axcan.com","Ayache Reda","SMTP","Contact"
"Cayers@Axcan.com","Ayers Cindy","SMTP","Contact"
"mayres@Axcan.com","Ayres Melanie","SMTP","Contact"
"jazuelos@Axcan.com","Azuelos Jean-Daniel","SMTP","Contact"
"rbacerott@Axcan.com","Bacerott Ramsey","SMTP","Contact"
"pbaertsoen@Axcan.com","Baertsoen Pierre","SMTP","Contact"
"Bagger@os4techno.com","Bagger","SMTP","PublicDL"
"ebahuon@Axcan.com","Bahuon Élodie(ebahuon)","SMTP","Contact"
"abailly@Axcan.com","Bailly Aurore","SMTP","Contact"
"MBaker@Axcan.com","Baker Mark","SMTP","Contact"
"mobaker@Axcan.com","Baker Molly","SMTP","Contact"
"sbaker@Axcan.com","Baker Sarah","SMTP","Contact"
"jbarrett@Axcan.com","Barrett Jeannette","SMTP","Contact"
"jrbasque@Axcan.com","Basque Jean-rené(jrbasque)","SMTP","Contact"
"abauchet@Axcan.com","Bauchet Aurélie(abauchet)","SMTP","Contact"
"jbaumanne@Axcan.com","Baumanne Jean","SMTP","Contact"
"CBeauchemin@Axcan.com","Beauchemin Chantal","SMTP","Contact"
"Sbechard@Axcan.com","Béchard Simon(Sbechard)","SMTP","Contact"
"cbegon@Axcan.com","Begon Chantal","SMTP","Contact"
"sbehr@Axcan.com","Behr Stephen","SMTP","Contact"
"dbelanger@Axcan.com","Bélanger Daniel(dbelanger)","SMTP","Contact"
"lbelcher@Axcan.com","Belcher Lauren","SMTP","Contact"
"sbelgheliem@Axcan.com","Belgheliem Saadi","SMTP","Contact"
"CBelisle@Axcan.com","Bélisle Catherine(CBelisle)","SMTP","Contact"
"FBelounis@Axcan.com","Belounis Fariza","SMTP","Contact"
"vbenas@Axcan.com","Benas Valérie(vbenas)","SMTP","Contact"
"sbenoist@Axcan.com","Benoist Sylvie","SMTP","Contact"
"benoit.blais@os4techno.com","Benoit Blais","SMTP","Mailbox"
"benoit.meunier@os4techno.com","Benoit Meunier","SMTP","Mailbox"
"sberard@Axcan.com","Bérard Stéphane(sberard)","SMTP","Contact"
"jberthelot@Axcan.com","Berthelot Jacinthe","SMTP","Contact"
"aberube@Axcan.com","Bérubé Alex(aberube)","SMTP","Contact"
"ABhardwaj@Axcan.com","Bhardwaj Abhinandan","SMTP","Contact"
"jbiaggi@Axcan.com","Biaggi Janice","SMTP","Contact"
"lbianchi@axcan.com","Bianchi Laurence","SMTP","Contact"
"MBianchi@Axcan.com","Bianchi Maria","SMTP","Contact"
"lbissonnette@Axcan.com","Bissonnette Louise","SMTP","Contact"
"abitektine@axcan.com","Bitektine Alex","SMTP","Contact"
"gblachon@Axcan.com","Blachon Geraldine","SMTP","Contact"
"IBlackburn@Axcan.com","Blackburn Isabelle","SMTP","Contact"
"lblanchard@Axcan.com","Blanchard Line","SMTP","Contact"
"lbolduc@Axcan.com","Bolduc Lynne","SMTP","Contact"
"cbonnemains@Axcan.com","Bonnemains Christophe","SMTP","Contact"
"nboscardinmichels@axcan.com","Boscardin Michels Natacha","SMTP","Contact"
"dboucherdelamotte@Axcan.com","Boucher Delamotte Delphine","SMTP","Contact"
"dboucher@Axcan.com","Boucher Didier","SMTP","Contact"
"mpboucher@Axcan.com","Boucher Marie-Pierre","SMTP","Contact"
"cboudes@Axcan.com","Boudes Catherine","SMTP","Contact"
"sboudreau@Axcan.com","Boudreau Simon","SMTP","Contact"
"gboulanger@Axcan.com","Boulanger Guy","SMTP","Contact"
"lboulanger@Axcan.com","Boulanger Lyne","SMTP","Contact"
"ibourgault@Axcan.com","Bourgault Isabelle","SMTP","Contact"
"nbourgouin@Axcan.com","Bourgouin Nathalie","SMTP","Contact"
"pbourton@Axcan.com","Bourton Pascal","SMTP","Contact"
"Aboutin@Axcan.com","Boutin Andre","SMTP","Contact"
