EmailAddress,Name,RoutingType,MailboxType
"10Waters@trca.ca","10 Waters","SMTP","Mailbox"
"101_Exchange@trca.ca","101 Exchange","SMTP","PublicDL"
"4panelpopupfloordisplayframe@trca.ca","4 panel pop up floor display frame","SMTP","Mailbox"
"4PanelTableTopDisplayFrame@trca.ca","4 Panel Table Top Display Frame","SMTP","Mailbox"
"Aaron.Charles@trca.ca","Aaron Charles","SMTP","Mailbox"
"Aaron.DSouza@trca.ca","Aaron D'Souza","SMTP","Mailbox"
"Aaron.McQuaid@trca.ca","Aaron McQuaid","SMTP","Mailbox"
"Abdul.Djirdeh@trca.ca","Abdul Djirdeh","SMTP","Mailbox"
"aberame.selliah@trca.ca","Aberame Selliah","SMTP","Mailbox"
"Abigail.Purches@trca.ca","Abigail Purches","SMTP","Mailbox"
"Abstracts@trca.ca","Abstracts","SMTP","Mailbox"
"ABTP.Landform@trca.ca","ABTP Landform","SMTP","Mailbox"
"AccountStructuredbCAO@trca.ca","Account Structure db CAO","SMTP","PublicDL"
"AccountStructuredbECOL@trca.ca","Account Structure db ECOL","SMTP","PublicDL"
"AccountStructuredbF&BD@trca.ca","Account Structure db F&BD","SMTP","PublicDL"
"AccountStructuredbHR&MKT@trca.ca","Account Structure db HR&MKT","SMTP","PublicDL"
"AccountStructuredbP&C@trca.ca","Account Structure db P&C","SMTP","PublicDL"
"AccountStructuredbPLAN@trca.ca","Account Structure db PLAN","SMTP","PublicDL"
"AccountStructuredbWM@trca.ca","Account Structure db WM","SMTP","PublicDL"
"Accounting_Section@trca.ca","Accounting_Section","SMTP","PublicDL"
"payables@trca.ca","Accounts Payable","SMTP","Mailbox"
"receivables@trca.ca","Accounts Receivable","SMTP","Mailbox"
"ACLDBPCInventory@trca.ca","ACL DB PC Inventory","SMTP","PublicDL"
"ACL_IT_Technician@trca.ca","ACL IT Technician","SMTP","PublicDL"
"ACLRegisterUsers@trca.ca","ACL Register Users","SMTP","PublicDL"
"ACLUsers@trca.ca","ACL Users","SMTP","PublicDL"
"Adam.Bocskei@trca.ca","Adam Bocskei","SMTP","Mailbox"
"Adam.Centurione@trca.ca","Adam Centurione","SMTP","Mailbox"
"Adam.Dembe@trca.ca","Adam Dembe","SMTP","Mailbox"
"Adam.DeSouza@trca.ca","Adam DeSouza","SMTP","Mailbox"
"Adam.Foreman@trca.ca","Adam Foreman","SMTP","Mailbox"
"adam.fyfe@trca.ca","Adam Fyfe","SMTP","Mailbox"
"adam.herman@trca.ca","Adam Herman","SMTP","Mailbox"
"Adam.Jagroop@trca.ca","Adam Jagroop","SMTP","Mailbox"
"adam.luke@trca.ca","Adam Luke","SMTP","Mailbox"
"Adam.Miller@trca.ca","Adam Miller","SMTP","Mailbox"
"Adam.Szaflarski@trca.ca","Adam Szaflarski","SMTP","Mailbox"
"Adepeju.Oloyede@trca.ca","Adepeju Oloyede","SMTP","Mailbox"
"adisson.dunn@trca.ca","Adisson Dunn","SMTP","Mailbox"
"AdministrationRequests@trca.ca","Administration Requests","SMTP","Mailbox"
"Administrative_Team@trca.ca","Administrative Team","SMTP","PublicDL"
"administrators@trca.ca","Administrators","SMTP","PublicDL"
"administrative@trca.ca","Administratrive","SMTP","PublicDL"
"Adrian.Bryant@trca.ca","Adrian Bryant","SMTP","Mailbox"
"Adrian.GrubaWilk@trca.ca","Adrian GrubaWilk","SMTP","Mailbox"
"Adrian.ODriscoll@trca.ca","Adrian O'Driscoll","SMTP","Mailbox"
"Adrian.Pressacco@trca.ca","Adrian Pressacco","SMTP","Mailbox"
"adrianna.fresco@trca.ca","Adriana Fresco","SMTP","Mailbox"
"Adriana.Gomez@trca.ca","Adriana Gomez","SMTP","Mailbox"
"Adrienne.Huston@trca.ca","Adrienne Huston","SMTP","Mailbox"
"agamdeep.kang@trca.ca","Agamdeep Kang","SMTP","Mailbox"
"Ahmad.AlKassar@trca.ca","Ahmad Al-Kassar","SMTP","Mailbox"
"ahmad.mujadidi@trca.ca","Ahmad Mujadidi","SMTP","Mailbox"
"Ahmed.AlAllo@trca.ca","Ahmed Al-Allo","SMTP","Mailbox"
"ahmed.elsayed@trca.ca","Ahmed El Sayed","SMTP","Mailbox"
"aida.neves@trca.ca","Aida Neves","SMTP","Mailbox"
"Aidan.Brookson@trca.ca","Aidan Brookson","SMTP","Mailbox"
"aiden.mallanystanley@trca.ca","Aiden Mallany-Stanley","SMTP","Mailbox"
"aidin.akbari@trca.ca","Aidin Akbari","SMTP","Mailbox"
"Aidyn.Bowen@trca.ca","Aidyn Bowen","SMTP","Mailbox"
"aijinth.jeyanthan@trca.ca","Aijinth Jeyanthan","SMTP","Mailbox"
"Alan.Gow@trca.ca","Alan Gow","SMTP","Mailbox"
"Alana.McDonald@trca.ca","Alana McDonald","SMTP","Mailbox"
"Alana.Svilans@trca.ca","Alana Svilans","SMTP","Mailbox"
"Alanna.Fair@trca.ca","Alanna Fair","SMTP","Mailbox"
"Alannah.Slattery@trca.ca","Alannah Slattery","SMTP","Mailbox"
"Albert.DThomas@trca.ca","Albert DThomas","SMTP","Mailbox"
"Albert.Thomas@trca.ca","Albert Thomas","SMTP","Mailbox"
"Alberta.DSouza@trca.ca","Alberta D'Souza","SMTP","Mailbox"
"ahills@trca.ca","Albion Hills","SMTP","Mailbox"
"aldo.demarinis@trca.ca","Aldo Demarinis","SMTP","Mailbox"
"Aldo.Missio@trca.ca","Aldo Missio","SMTP","Mailbox"
"aleksandra.navarro@trca.ca","Aleksandra Navarro","SMTP","Mailbox"
"ALESSANDRO.STOPPA@trca.ca","Alessandro Stoppa","SMTP","Mailbox"
"Alessia.Calarco@trca.ca","Alessia Calarco","SMTP","Mailbox"
"Alessia.Farronato@trca.ca","Alessia Farronato","SMTP","Mailbox"
"Alex.Barber@trca.ca","Alex Barber","SMTP","Mailbox"
"Alex.Bryski@trca.ca","Alex Bryski","SMTP","Mailbox"
"Alex.Filazzola@trca.ca","Alex Filazzola","SMTP","Mailbox"
"Alex.Grout@trca.ca","Alex Grout","SMTP","Mailbox"
"alex.haney@trca.ca","Alex Haney","SMTP","Mailbox"
"Alex.Nagy@trca.ca","Alex Nagy","SMTP","Mailbox"
"Alex.Payne@trca.ca","Alex Payne","SMTP","Mailbox"
"Alex.Pittana@trca.ca","Alex Pittana","SMTP","Mailbox"
"Alex.Sartori@trca.ca","Alex Sartori","SMTP","Mailbox"
"Alex.Tonus@trca.ca","Alex Tonus","SMTP","Mailbox"
"Alex.Vahdati@trca.ca","Alex Vahdati","SMTP","Mailbox"
"Alexa.Minichillo@trca.ca","Alexa Minichillo","SMTP","Mailbox"
"Alexander.Bobechko@trca.ca","Alexander Bobechko","SMTP","Mailbox"
"Alexander.Boschetto@trca.ca","Alexander Boschetto","SMTP","Mailbox"
"alexander.cassidy@trca.ca","Alexander Cassidy","SMTP","Mailbox"
"Alexander.Michelberger@trca.ca","Alexander Michelberger","SMTP","Mailbox"
"Alexander.Schuler@trca.ca","Alexander Schuler","SMTP","Mailbox"
"Alexandra.Plant@trca.ca","Alexandra Plant","SMTP","Mailbox"
"Alexandria.Pellegrino@trca.ca","Alexandria Pellegrino","SMTP","Mailbox"
"Alexandrina.Shannon@trca.ca","Alexandrina Shannon","SMTP","Mailbox"
"ALEXUS.MAGLALANG@trca.ca","Alexus Maglalang","SMTP","Mailbox"
"Ali.Balarlou@trca.ca","Ali Balarlou","SMTP","Mailbox"
"Ali.Shirazi@trca.ca","Ali Shirazi","SMTP","Mailbox"
"Aliana.Hellmuth@trca.ca","Aliana Hellmuth","SMTP","Mailbox"
