EmailAddress,Name,RoutingType,MailboxType
"aarons@ramafirstnation.ca","Aaron Sheard","SMTP","Mailbox"
"abbyc@ramafirstnation.ca","Abby Calverley","SMTP","Mailbox"
"accountspayable@ramafirstnation.ca","Accounts Payable","SMTP","PublicDL"
"accountsreceivable@ramafirstnation.ca","Accounts Receivable","SMTP","PublicDL"
"accpacusers@ramafirstnation.ca","Accpac Users","SMTP","PublicDL"
"adame@ramafirstnation.ca","Adam Elliott","SMTP","Mailbox"
"adamr@ramafirstnation.ca","Adam Rockall","SMTP","Mailbox"
"asawyer2@ramafirstnation.ca","Adam Sawyer","SMTP","Mailbox"
"Admin_SP@ramafirstnation.ca","Admin_SP","SMTP","PublicDL"
"administrativeandexecutiveassistants@ramafirstnation.ca","Administrative and Executive Assistants","SMTP","PublicDL"
"administrator@ramafirstnation.ca","Administrator","SMTP","Mailbox"
"aliciaw@ramafirstnation.ca","Alicia Watson","SMTP","Mailbox"
"allemployees@ramafirstnation.ca","All Employees","SMTP","PublicDL"
"allanp@ramafirstnation.ca","Allan Payne","SMTP","Mailbox"
"allisons@ramafirstnation.ca","Allison Sawyer","SMTP","Mailbox"
"allyshaw@ramafirstnation.ca","Allysha Wassegijig","SMTP","Mailbox"
"alyshas@ramafirstnation.ca","Alysha Sawyer","SMTP","Mailbox"
"amandal@ramafirstnation.ca","Amanada Labovitz","SMTP","Mailbox"
"amandab@ramafirstnation.ca","Amanda Beers","SMTP","Mailbox"
"amandaf@ramafirstnation.ca","Amanda Forget","SMTP","Mailbox"
"amandas@ramafirstnation.ca","Amanda Sheard","SMTP","Mailbox"
"amberr@ramafirstnation.ca","Amber Ryckman","SMTP","Mailbox"
"amberv@ramafirstnation.ca","Amber Varadi","SMTP","Mailbox"
"amyk@ramafirstnation.ca","Amy Kitchener","SMTP","Mailbox"
"andreas@ramafirstnation.ca","Andrea Snache","SMTP","Mailbox"
"andreaw@ramafirstnation.ca","Andrea Williams","SMTP","Mailbox"
"andrewc@ramafirstnation.ca","Andrew Campbell","SMTP","Mailbox"
"angelaj@ramafirstnation.ca","Angela Johnson","SMTP","Mailbox"
"angelal@ramafirstnation.ca","Angela Livingston","SMTP","Mailbox"
"angelas@ramafirstnation.ca","Angela Shilling","SMTP","Mailbox"
"angies@ramafirstnation.ca","Angie Simcoe","SMTP","Mailbox"
"delearyaniston@gmail.com","Aniston Deleary","SMTP","Contact"
"anitac@ramafirstnation.ca","Anita Copegog","SMTP","Mailbox"
"annaf@ramafirstnation.ca","Anna Fabiano","SMTP","Mailbox"
"anneh@ramafirstnation.ca","Anne Harrigan","SMTP","Mailbox"
"annettes@ramafirstnation.ca","Annette Sharpe","SMTP","Mailbox"
"arenaattendants@ramafirstnation.ca","Arena Attendants","SMTP","PublicDL"
"ashleyn@ramafirstnation.ca","Ashley Noganosh","SMTP","Mailbox"
"asklegal@ramafirstnation.ca","Ask Legal","SMTP","Mailbox"
"backer@ramafirstnation.ca","backer","SMTP","Mailbox"
"bandofficestaff@ramafirstnation.ca","Band Office Staff","SMTP","PublicDL"
"barbaras@ramafirstnation.ca","Barbara Simcoe","SMTP","Mailbox"
"beckys@ramafirstnation.ca","Becky Stiles","SMTP","Mailbox"
"benb@ramafirstnation.ca","Ben Benson","SMTP","Mailbox"
"benc@ramafirstnation.ca","Ben Cousineau","SMTP","Mailbox"
"benl@ramafirstnation.ca","Ben Little","SMTP","Mailbox"
"benjamin.sawyer@opp.ca","Benjamin Sawyer","SMTP","Contact"
"bernitas@ramafirstnation.ca","Bernita Snache","SMTP","Mailbox"
"bevm@ramafirstnation.ca","Bev Maher","SMTP","Mailbox"
"beverlyc@ramafirstnation.ca","Beverly Cheshire","SMTP","Mailbox"
"beverlyi@ramafirstnation.ca","Beverly Ingersoll","SMTP","Mailbox"
"biidaaban@ramafirstnation.ca","Biidaaban","SMTP","PublicDL"
"billm@ramafirstnation.ca","Bill McRoberts","SMTP","Mailbox"
"billmcroberts@hotmail.com","Bill McRoberts","SMTP","Contact"
"billy@ramafirstnation.ca","Billy Craig","SMTP","Mailbox"
"birdie@ramafirstnation.ca","Birdie Snache","SMTP","Mailbox"
"bobmc@ramafirstnation.ca","Bob McPhee","SMTP","Mailbox"
"bobm@ramafirstnation.ca","Bob Middlebrooks","SMTP","Mailbox"
"bonniec@ramafirstnation.ca","Bonnie Carrick","SMTP","Mailbox"
"bradc@ramafirstnation.ca","Brad Calverley","SMTP","Mailbox"
"brads@ramafirstnation.ca","Brad Savage","SMTP","Mailbox"
"brandons@ramafirstnation.ca","Brandon Sandy","SMTP","Mailbox"
"breezes@ramafirstnation.ca","Breeze Stephens","SMTP","Mailbox"
"brendad@ramafirstnation.ca","Brenda Dupuis","SMTP","Mailbox"
"brendai@ramafirstnation.ca","Brenda Ingersoll","SMTP","Mailbox"
"brent.trivett@opp.ca","Brent Trivett","SMTP","Contact"
"brianc@ramafirstnation.ca","Brian Charles","SMTP","Mailbox"
"brians@ramafirstnation.ca","Brian Steiger","SMTP","Mailbox"
"briannat@ramafirstnation.ca","Brianna Taylor","SMTP","Mailbox"
"bridgeta@ramafirstnation.ca","Bridget Anca","SMTP","Mailbox"
"britneyb@ramafirstnation.ca","Britney Beenan","SMTP","Mailbox"
"brittany@ramafirstnation.ca","Brittany Bezemer","SMTP","Mailbox"
"b.macdonald28@icloud.com","Brittany Macdonald","SMTP","Contact"
"brittanym@ramafirstnation.ca","Brittany MacDonald","SMTP","Mailbox"
"brittanys@ramafirstnation.ca","Brittany Simcoe","SMTP","Mailbox"
"brodief@ramafirstnation.ca","Brodie Fox","SMTP","Mailbox"
"brookeg@ramafirstnation.ca","Brooke Genno","SMTP","Mailbox"
"buildingdept@ramafirstnation.ca","Building Department","SMTP","PublicDL"
"businesspayroll@ramafirstnation.ca","Business Payroll","SMTP","PublicDL"
"bylaw@ramafirstnation.ca","Bylaw","SMTP","PublicDL"
"caileyp@ramafirstnation.ca","Cailey Purdy","SMTP","Mailbox"
"caitlent@ramafirstnation.ca","Caitlen Tingey","SMTP","Mailbox"
"cams@ramafirstnation.ca","Cameron Shilling","SMTP","Mailbox"
"candicesk@ramafirstnation.ca","Candice Sawyer-King","SMTP","Mailbox"
"candidatesnight@ramafirstnation.ca","Candidates Night","SMTP","PublicDL"
"candyi@ramafirstnation.ca","Candy Ingersoll-McNeely","SMTP","Mailbox"
"caraleev@ramafirstnation.ca","Caralee Valliere","SMTP","Mailbox"
"carl.orr@opp.ca","Carl Orr","SMTP","Contact"
"carmens@ramafirstnation.ca","Carmen St. Germain","SMTP","Mailbox"
"carolp@ramafirstnation.ca","Carol Perreault","SMTP","Mailbox"
"calverleyck@gmail.com","Caroline Calverley","SMTP","Contact"
"carolinec@ramafirstnation.ca","Caroline Calverley","SMTP","Mailbox"
"carolinej@ramafirstnation.ca","Caroline Jacobson","SMTP","Mailbox"
"carried@ramafirstnation.ca","Carrie Davey","SMTP","Mailbox"
"cassandras@ramafirstnation.ca","Cassandra Steven","SMTP","Mailbox"
"cassidyv@ramafirstnation.ca","Cassidy Venhuizen","SMTP","Mailbox"
"catherines@ramafirstnation.ca","Catherine Shilling","SMTP","Mailbox"
"cathye@ramafirstnation.ca","Cathy Edney","SMTP","Mailbox"
"cathys@ramafirstnation.ca","Cathy Sword","SMTP","Mailbox"
"cecelias@ramafirstnation.ca","Cecelia St Germain","SMTP","Mailbox"
