EmailAddress,Name,RoutingType,MailboxType
"loisirs@septiles.ca","@Loisirs","SMTP","PublicDL"
"ouf@septiles.ca","@Ouf","SMTP","PublicDL"
"tousmrc@septiles.ca","@Tous - MRC","SMTP","PublicDL"
"toussallespectacle@sallejmd.com","@Tous - Salle spectacle","SMTP","PublicDL"
"tousskigallix@skigallix.com","@Tous - Ski Gallix","SMTP","PublicDL"
"tousspca@septiles.ca","@Tous - SPCA","SMTP","PublicDL"
"toustourisme@septiles.ca","@Tous - Tourisme","SMTP","PublicDL"
"tousvsi@septiles.ca","@Tous - VSI","SMTP","PublicDL"
"tous@septiles.ca","@Tous - VSI + Autres","SMTP","PublicDL"
"urbanisme@septiles.ca","@urbanisme","SMTP","PublicDL"
"usinedeau@septiles.ca","@usinedeau","SMTP","PublicDL"
"ActivitesRH@septiles.ca","Activités RH","SMTP","PublicFolder"
"Administrateur.Octopus@septiles.ca","Administrateur Octopus","SMTP","Mailbox"
"Administrator@septiles.ca","Administrator","SMTP","Mailbox"
"affairesjuridiques@septiles.ca","affairesjuridiques@septiles.ca","SMTP","Mailbox"
"Alain.Lapierre@mrc.septrivieres.qc.ca","Alain Lapierre","SMTP","Mailbox"
"Alain.Methot@septiles.ca","Alain Méthot","SMTP","Mailbox"
"alainthibault@villeport-cartier.com","Alain Thibault","SMTP","Contact"
"alarmescour@septiles.ca","AlarmesCour","SMTP","PublicDL"
"alarmesdirection@septiles.ca","AlarmesDirection","SMTP","PublicDL"
"alarmesfinances@septiles.ca","AlarmesFinances","SMTP","PublicDL"
"alarmesgreffe@septiles.ca","AlarmesGreffe","SMTP","PublicDL"
"alarmesmairie@septiles.ca","AlarmesMairie","SMTP","PublicDL"
"alarmesressourceshumaines@septiles.ca","AlarmesRessourcesHumaines","SMTP","PublicDL"
"alarmesurbanisme@septiles.ca","AlarmesUrbanisme","SMTP","PublicDL"
"Alex.Duguay@septiles.ca","Alex Duguay","SMTP","Mailbox"
"Alexandre.Banville@septiles.ca","Alexandre Banville","SMTP","Mailbox"
"Alexandre.Giroux-Toupin@septiles.ca","Alexandre Giroux-Toupin","SMTP","Mailbox"
"Alexina.Godbout@septiles.ca","Alexina Godbout","SMTP","Mailbox"
"Alexis.Bernier@septiles.ca","Alexis Bernier","SMTP","Mailbox"
"Alexis.Bois@septiles.ca","Alexis Bois","SMTP","Mailbox"
"Alyson.Tessier@septiles.ca","Alyson Tessier","SMTP","Mailbox"
"Amelie.Robillard@septiles.ca","Amélie Robillard","SMTP","Mailbox"
"Amy.Johnson@septiles.ca","Amy Johnson","SMTP","Mailbox"
"Andre.Lacroix@septiles.ca","André Lacroix","SMTP","Mailbox"
"Andree-Anne.Richard@septiles.ca","Andrée-Anne Richard","SMTP","Mailbox"
"Annabelle.Couture@septiles.ca","Annabelle Couture","SMTP","Mailbox"
"Annabelle.Huard@septiles.ca","Annabelle Huard","SMTP","Mailbox"
"amdesroses@tourismeseptiles.ca","Anne-Michelle Desroses","SMTP","Mailbox"
"Anne-Sophie.Beaulieu@septiles.ca","Anne-Sophie Beaulieu","SMTP","Mailbox"
"Annie.Bernatchez@septiles.ca","Annie Bernatchez","SMTP","Mailbox"
"Annie.Cormier@septiles.ca","Annie Cormier","SMTP","Mailbox"
"Annie.Thibault@septiles.ca","Annie Thibault","SMTP","Mailbox"
"Antony.Carbonneau@septiles.ca","Antony Carbonneau","SMTP","Mailbox"
"grp_SOFE@septiles.ca","app_SOFE","SMTP","PublicDL"
"approvisionnement@septiles.ca","Approvisionnement","SMTP","Mailbox"
"Aqueduc@septiles.ca","Aqueduc / Égouts","SMTP","Mailbox"
"Arena@septiles.ca","arena","SMTP","PublicDL"
"Arianne.Gervais@septiles.ca","Arianne Gervais","SMTP","Mailbox"
"Arianne.Ste-Marie-Gagnon@septiles.ca","Arianne Ste-Marie-Gagnon","SMTP","Mailbox"
"Audrey-Ann.Smith@septiles.ca","Audrey-Ann Smith","SMTP","Mailbox"
"avisdedivulgation@septiles.ca","avis de divulgation","SMTP","Mailbox"
"Balance.Environnement@septiles.ca","Balance","SMTP","Mailbox"
"Bertrand.Noel@septiles.ca","Bertrand Noël","SMTP","Mailbox"
"bibliotheque@septiles.ca","Bibliothèque","SMTP","PublicDL"
"billetterie@septiles.ca","Billetterie","SMTP","PublicDL"
"Bruno.Julien@septiles.ca","Bruno Julien","SMTP","Mailbox"
"Camille.Duguay@septiles.ca","Camille Duguay","SMTP","Mailbox"
"Camille.Garand@septiles.ca","Camille Garand","SMTP","Mailbox"
"Campingsi@tourismeseptiles.ca","Camping Tourisme","SMTP","Mailbox"
"Carl.Gaudreault@septiles.ca","Carl Gaudreault","SMTP","Mailbox"
"Carole.Chabot@skigallix.com","Carole Chabot","SMTP","Mailbox"
"Carole.Gaudreault@septiles.ca","Carole Gaudreault","SMTP","Mailbox"
"Carole.Lapierre@septiles.ca","Carole Lapierre","SMTP","Mailbox"
"Caroline.Chiasson@septiles.ca","Caroline Chiasson","SMTP","Mailbox"
"Caroline.Touzel@septiles.ca","Caroline Touzel","SMTP","Mailbox"
"Catherine.Leboulaire@septiles.ca","Catherine Leboulaire","SMTP","Mailbox"
"Catherine.Michaud@septiles.ca","Catherine Michaud","SMTP","Mailbox"
"Cathy.Porlier@septiles.ca","Cathy Porlier","SMTP","Mailbox"
"Chantal.Bouchard@sallejmd.com","Chantal Bouchard","SMTP","Mailbox"
"Chantal.Dupuis@septiles.ca","Chantal Dupuis","SMTP","Mailbox"
"Chantal.St-Onge@septiles.ca","Chantal St-Onge","SMTP","Mailbox"
"Chantale.Fortin@septiles.ca","Chantale Fortin","SMTP","Mailbox"
"Charles.Desrosiers@septiles.ca","Charles Desrosiers","SMTP","Mailbox"
"Charlotte.Audet@septiles.ca","Charlotte Audet","SMTP","Mailbox"
"Chelsi.Levesque@septiles.ca","Chelsi Lévesque","SMTP","Mailbox"
"Christian.Girard@septiles.ca","Christian Girard","SMTP","Mailbox"
"Christian.Michaud@septiles.ca","Christian Michaud","SMTP","Mailbox"
"Christiane.Lapierre@mrc.septrivieres.qc.ca","Christiane Lapierre","SMTP","Mailbox"
"Christophe.Dion@septiles.ca","Christophe Dion","SMTP","Mailbox"
"Cindy.Delarosbil@mrc.septrivieres.qc.ca","Cindy Delarosbil","SMTP","Mailbox"
"Cindy.Hounsell@septiles.ca","Cindy Hounsell","SMTP","Mailbox"
"Cindy.Noel@septiles.ca","Cindy Noël","SMTP","Mailbox"
"Claude.Bureau@mrc.septrivieres.qc.ca","Claude Bureau","SMTP","Mailbox"
"Cloe.St-Gelais@septiles.ca","Cloé St-Gelais","SMTP","Mailbox"
"clubsocial@septiles.ca","Club Social","SMTP","Mailbox"
"cmtp@septiles.ca","cmtp","SMTP","PublicDL"
"commandexerox@septiles.ca","CommandeXerox","SMTP","PublicDL"
"communication@sallejmd.com","Communication","SMTP","PublicDL"
"communications2@septiles.ca","Communications","SMTP","Mailbox"
"complexe.aquatique@septiles.ca","Complexe Aquatique","SMTP","PublicDL"
"comptabilite@sallejmd.com","Comptabilite JMD","SMTP","Mailbox"
"comptabilite@skigallix.com","Comptabilité Ski Gallix","SMTP","PublicDL"
"compteurs@septiles.ca","Compteurs d'eau","SMTP","Mailbox"
"grp_contentieux@septiles.ca","contentieux","SMTP","PublicDL"
"loisirs.csr@septiles.ca","CSR","SMTP","PublicDL"
"ctpreunion1@septiles.ca","CTP - Salle Réunion 2e étage","SMTP","Mailbox"
"Danie.Thibault@mrc.septrivieres.qc.ca","Danie Thibault","SMTP","Mailbox"
"Daniel.Guerault@septiles.ca","Daniel Guérault","SMTP","Mailbox"
"Danika.Emond@septiles.ca","Danika Emond","SMTP","Mailbox"
