EmailAddress,Name,RoutingType,MailboxType
"AdminSupport@goldblattpartners.com","Admin Support","SMTP","PublicDL"
"aweaver@goldblattpartners.com","Adriel Weaver","SMTP","Mailbox"
"aluthra@goldblattpartners.com","Akaash Luthra","SMTP","Mailbox"
"aconstantinescu@goldblattpartners.com","Alexandru Constantinescu","SMTP","Mailbox"
"AllAssociates@goldblattpartners.com","All Associates","SMTP","PublicDL"
"AllConstructionLawyers@goldblattpartners.com","All Construction Lawyers","SMTP","PublicDL"
"AllLawyers@goldblattpartners.com","All Lawyers","SMTP","PublicDL"
"AllLitigationLawyers@goldblattpartners.com","All Litigation Lawyers","SMTP","PublicDL"
"AllPartners@goldblattpartners.com","All Partners","SMTP","PublicDL"
"AllPensionLawyers@goldblattpartners.com","All Pension Lawyers","SMTP","PublicDL"
"AllSecretaries@goldblattpartners.com","All Secretaries","SMTP","PublicDL"
"AllStaff@goldblattpartners.com","All Staff","SMTP","PublicDL"
"AllStudents@goldblattpartners.com","All Students","SMTP","PublicDL"
"AllSupportStaff@goldblattpartners.com","All Support Staff","SMTP","PublicDL"
"AllUnionMembers@goldblattpartners.com","All Union Members","SMTP","PublicDL"
"adhillon@goldblattpartners.com","Amanjit Dhillon","SMTP","Mailbox"
"akhan@goldblattpartners.com","Amber Khan","SMTP","Mailbox"
"aquinn@goldblattpartners.com","Amy Quinn","SMTP","Mailbox"
"asobko@goldblattpartners.com","Andrea Sobko","SMTP","Mailbox"
"Aevangelista@goldblattpartners.com","Angelica Evangelista","SMTP","Mailbox"
"agoldfinch@goldblattpartners.com","Anna Goldfinch","SMTP","Mailbox"
"announcements@goldblattpartners.com","Announcements Mailbox","SMTP","Mailbox"
"AssociatesCommittee@goldblattpartners.com","Associates Committee","SMTP","PublicDL"
"bkatz@goldblattpartners.com","Ben Katz","SMTP","Mailbox"
"bkhalegi@goldblattpartners.com","Benafsha Khalegi","SMTP","Mailbox"
"bpiper@goldblattpartners.com","Benjamin Piper","SMTP","Mailbox"
"Bgianarakos@goldblattpartners.com","Bess Gianarakos","SMTP","Mailbox"
"BlogCommittee@goldblattpartners.com","Blog Committee","SMTP","PublicDL"
"cliu@goldblattpartners.com","Cassandra Liu","SMTP","Mailbox"
"clace@goldblattpartners.com","Cathy Lace","SMTP","Mailbox"
"cwiseman@goldblattpartners.com","Char Wiseman","SMTP","Mailbox"
"csinclair@goldblattpartners.com","Charles Sinclair","SMTP","Mailbox"
"cdonovan@goldblattpartners.com","Chris Donovan","SMTP","Mailbox"
"Cdavies@goldblattpartners.com","Christine Davies","SMTP","Mailbox"
"citrixprofile@goldblattpartners.com","Citrixprofile User","SMTP","Mailbox"
"ClientDevelopmentCommittee@goldblattpartners.com","Client Development Committee","SMTP","PublicDL"
"cgodkewitsch@goldblattpartners.com","Clio Godkewitsch","SMTP","Mailbox"
"Cbauman@goldblattpartners.com","Colleen Bauman","SMTP","Mailbox"
"CPDCommittee@goldblattpartners.com","CPD Committee","SMTP","PublicDL"
"Diny@goldblattpartners.com","Daniel Iny","SMTP","Mailbox"
"dsheppard@goldblattpartners.com","Daniel Sheppard","SMTP","Mailbox"
"dleonfounlin@goldblattpartners.com","Danielle Leon Foun Lin","SMTP","Mailbox"
"dsandhu@goldblattpartners.com","Danielle Sandhu","SMTP","Mailbox"
"dnewhook@goldblattpartners.com","Darren Newhook","SMTP","Mailbox"
"dkorell@goldblattpartners.com","Darryl Korell","SMTP","Mailbox"
"dsworn@goldblattpartners.com","David Sworn","SMTP","Mailbox"
"defaultp@goldblattpartners.com","DefaultP User","SMTP","Mailbox"
"DiversityInclusionCommittee@goldblattpartners.com","Diversity Inclusion Committee","SMTP","PublicDL"
"dlefaive@goldblattpartners.com","Doug LeFaive","SMTP","Mailbox"
"esoria@goldblattpartners.com","Earl-Fredrick Soria","SMTP","Mailbox"
"egoldfried@goldblattpartners.com","Elana Goldfried","SMTP","Mailbox"
"esmith@goldblattpartners.com","Elizabeth Smith","SMTP","Mailbox"
"ebedard@goldblattpartners.com","Ella Bedard","SMTP","Mailbox"
"edenomme@goldblattpartners.com","Emily Denomme","SMTP","Mailbox"
"ekot@goldblattpartners.com","Emily Kot","SMTP","Mailbox"
"eli@goldblattpartners.com","Emily Li","SMTP","Mailbox"
"ephillips@goldblattpartners.com","Emma Phillips","SMTP","Mailbox"
"eprem@goldblattpartners.com","EPrem User","SMTP","Mailbox"
"ecartwright@goldblattpartners.com","Erica Cartwright","SMTP","Mailbox"
"esobat@goldblattpartners.com","Erin Sobat","SMTP","Mailbox"
"ETFOGroup@goldblattpartners.com","ETFO Group","SMTP","PublicDL"
"eposkanzer@goldblattpartners.com","Ethan Poskanzer","SMTP","Mailbox"
"FacultyAssociationLawyers@goldblattpartners.com","Faculty Association Lawyers","SMTP","PublicDL"
"fax3041@goldblattpartners.com","Fax 3041","SMTP","Mailbox"
"fax4430@goldblattpartners.com","Fax 4430","SMTP","Mailbox"
"fax7333@goldblattpartners.com","Fax 7333","SMTP","Mailbox"
"FinanceCommittee@goldblattpartners.com","Finance Committee","SMTP","PublicDL"
"Fcampbell@goldblattpartners.com","Fiona Campbell","SMTP","Mailbox"
"FrenchLawyers@goldblattpartners.com","French Lawyers","SMTP","PublicDL"
"ghoogers@goldblattpartners.com","Gabriel Hoogers","SMTP","Mailbox"
"gphilipupillai@goldblattpartners.com","Geetha Philipupillai","SMTP","Mailbox"
"HealthCarePracticeLawyers@goldblattpartners.com","Health Care Practice Lawyers","SMTP","PublicDL"
"hmcconnell@goldblattpartners.com","Heather Ann McConnell","SMTP","Mailbox"
"hfalbo@goldblattpartners.com","Helen Falbo","SMTP","Mailbox"
"Help@goldblattpartners.com","Help","SMTP","PublicDL"
"hranjit@goldblattpartners.com","Him Ranjit","SMTP","Mailbox"
"hgoldblatt@goldblattpartners.com","Howard Goldblatt","SMTP","Mailbox"
"ihandulle@goldblattpartners.com","Ikram Handulle","SMTP","Mailbox"
"Jhegarty@goldblattpartners.com","Jane Hegarty","SMTP","Mailbox"
"jashiq@goldblattpartners.com","Jascha Ashiq","SMTP","Mailbox"
"jcorbeil@goldblattpartners.com","Jean-Michel Corbeil","SMTP","Mailbox"
"jhammond@goldblattpartners.com","Jessica Hammond","SMTP","Mailbox"
"jorkin@goldblattpartners.com","Jessica Orkin","SMTP","Mailbox"
"jbell@goldblattpartners.com","Joan Bell","SMTP","Mailbox"
"jstriebel@goldblattpartners.com","Joanne Striebel","SMTP","Mailbox"
"jkowaluk@goldblattpartners.com","Jocelyne Kowaluk","SMTP","Mailbox"
"jbrown@goldblattpartners.com","Jody Brown","SMTP","Mailbox"
"jevans@goldblattpartners.com","John Evans","SMTP","Mailbox"
"jdeck@goldblattpartners.com","Jonathan Deck","SMTP","Mailbox"
"jmandryk@goldblattpartners.com","Joshua Mandryk","SMTP","Mailbox"
"jmills@goldblattpartners.com","June Mills","SMTP","Mailbox"
"klord@goldblattpartners.com","Kalyn Lord","SMTP","Mailbox"
"kchen@goldblattpartners.com","Karen Chen","SMTP","Mailbox"
"ksivapatham@goldblattpartners.com","Keerthana Sivapatham","SMTP","Mailbox"
"kdoctor@goldblattpartners.com","Kelly Doctor","SMTP","Mailbox"
"kstanton@goldblattpartners.com","Kim Stanton","SMTP","Mailbox"
"kkang@goldblattpartners.com","Kiran Kang","SMTP","Mailbox"
"kmercer@goldblattpartners.com","Kirsten Mercer","SMTP","Mailbox"
"klala@goldblattpartners.com","Kris Lala","SMTP","Mailbox"
"karchibald@goldblattpartners.com","Kyla Archibald","SMTP","Mailbox"
