EmailAddress,Name,RoutingType,MailboxType
"accounts-barisal@chemistbd.net","ACCOUNTS BARISAL","SMTP","Mailbox"
"Administrator@chemistbd.net","Administrator","SMTP","Mailbox"
"Advisor-FC&TAX@chemistbd.net","Advisor - Finance Control & Tax","SMTP","Mailbox"
"cll-veterinary@chemistbd.net","ANIMAL SECTION","SMTP","Mailbox"
"ashim@chemistbd.net","Ashim Solaiman","SMTP","Mailbox"
"auditor@chemistbd.net","AUDIT DEPARTMENT","SMTP","Mailbox"
"barisalv@chemistbd.net","BARISAL ANIMAL","SMTP","Mailbox"
"barisalh@chemistbd.net","BARISAL HUMAN","SMTP","Mailbox"
"bograv@chemistbd.net","BOGRA ANIMAL","SMTP","Mailbox"
"bograh@chemistbd.net","BOGRA HUMAN","SMTP","Mailbox"
"cll-capsule@chemistbd.net","CAPSULE SECTION","SMTP","Mailbox"
"cash-barisal@chemistbd.net","CASH BARISAL","SMTP","Mailbox"
"cash-dhaka@chemistbd.net","CASH DHAKA","SMTP","Mailbox"
"cdc@chemistbd.net","CDC","SMTP","Mailbox"
"cdc-animal@chemistbd.net","CDC ANIMAL","SMTP","Mailbox"
"cdc-sample@chemistbd.net","CDC SAMPLE","SMTP","Mailbox"
"pmd-crop@chemistbd.net","CEO CARE","SMTP","Mailbox"
"microbiology@chemistbd.net","CHEMIST MICROBIOLOGY","SMTP","Mailbox"
"nursery@chemistbd.net","CHEMIST NURSERY","SMTP","Mailbox"
"coa@chemistbd.net","CHIEF OF OPERATION & ADMINISTRATION","SMTP","Mailbox"
"chittagongv@chemistbd.net","CHITTAGONG ANIMAL","SMTP","Mailbox"
"chittagongh@chemistbd.net","CHITTAGONG HUMAN","SMTP","Mailbox"
"comillah@chemistbd.net","COMILLA HUMAN","SMTP","Mailbox"
"com-bsl@chemistbd.net","COMMERCIAL BARISAL","SMTP","Mailbox"
"com@chemistbd.net","COMMERCIAL DEPARTMENT","SMTP","Mailbox"
"cll-consultant.marketing@chemistbd.net","CONSULTANT MARKETING","SMTP","Mailbox"
"consultant-so@chemistbd.net","CONSULTANT STRATEGIC OPERATION","SMTP","Mailbox"
"Cost?VAT&TAX@chemistbd.net","COST, VAT & TAX","SMTP","Mailbox"
"crop-bsl@chemistbd.net","CROP BARISAL","SMTP","Mailbox"
"crop-dhaka@chemistbd.net","CROP DHAKA","SMTP","Mailbox"
"crop-factory@chemistbd.net","CROP FACTORY","SMTP","Mailbox"
"dhakacityh@chemistbd.net","DHAKA CITY","SMTP","Mailbox"
"Digital&IT@chemistbd.net","DIGITAL AND IT EXECUTIVE","SMTP","Mailbox"
"director@chemistbd.net","DIRECTOR","SMTP","Mailbox"
"dir-accounts@chemistbd.net","DIRECTOR ACCOUNTS","SMTP","Mailbox"
"dir-marketing@chemistbd.net","DIRECTOR MARKETING","SMTP","Mailbox"
"cll_operation@chemistbd.net","DIRECTOR OPERATION","SMTP","Mailbox"
"cll-institution@chemistbd.net","EXECUTIVE INSTITUTION","SMTP","Mailbox"
"factory@chemistbd.net","FACTORY STAFF","SMTP","Mailbox"
"faridpurh@chemistbd.net","FARIDPUR HUMAN","SMTP","Mailbox"
"cll-food@chemistbd.net","FOOD BARISAL OFFICE","SMTP","Mailbox"
"food-bscic@chemistbd.net","FOOD BSCIC.","SMTP","Mailbox"
"gm@chemistbd.net","GENERAL MANAGER","SMTP","Mailbox"
"gmm@chemistbd.net","GM MARKETING","SMTP","Mailbox"
"HealthMailboxEVYS88@chemistbd.net","HealthMailboxEVYS88","SMTP","Mailbox"
"HealthMailboxMXLJ271@chemistbd.net","HealthMailboxMXLJ271","SMTP","Mailbox"
"HealthMailboxQDYD295@chemistbd.net","HealthMailboxQDYD295","SMTP","Mailbox"
"HealthMailboxVRCD288@chemistbd.net","HealthMailboxVRCD288","SMTP","Mailbox"
"herbal-bsl@chemistbd.net","HERBAL BARISAL","SMTP","Mailbox"
"herbal-raw@chemistbd.net","HERBAL RAW","SMTP","Mailbox"
"cdc-hod@chemistbd.net","HOD CDC","SMTP","Mailbox"
"manager-hr@chemistbd.net","HR","SMTP","Mailbox"
"hr-barisal@chemistbd.net","HR BARISAL","SMTP","Mailbox"
"hrd@chemistbd.net","HR DEPARTMENT","SMTP","Mailbox"
"hr-dhaka@chemistbd.net","HR DHAKA","SMTP","Mailbox"
"info@chemistbd.net","Info Chemist Lab","SMTP","Mailbox"
"cll-injection@chemistbd.net","INJECTION SECTION","SMTP","Mailbox"
"it-department@chemistbd.net","IT Department","SMTP","Mailbox"
"jessorev@chemistbd.net","JESSORE ANIMAL","SMTP","Mailbox"
"jessoreh@chemistbd.net","JESSORE HUMAN","SMTP","Mailbox"
"khulnav@chemistbd.net","KHULNA ANIMAL","SMTP","Mailbox"
"khulnah@chemistbd.net","KHULNA HUMAN","SMTP","Mailbox"
"law-barisal@chemistbd.net","LAW DEPARTMENT","SMTP","Mailbox"
"legal-advisor@chemistbd.net","LEGAL ADVISOR","SMTP","Mailbox"
"cll-liquid@chemistbd.net","LIQUID SECTION","SMTP","Mailbox"
"maintenance@chemistbd.net","MAINTENANCE DEPARTMENT","SMTP","Mailbox"
"maintenance-store@chemistbd.net","MAINTENANCE STORE","SMTP","Mailbox"
"admin@chemistbd.net","MANAGER ADMIN","SMTP","Mailbox"
"manager-com@chemistbd.net","MANAGER COMMERCIAL","SMTP","Mailbox"
"manager-it@chemistbd.net","MANAGER IT","SMTP","Mailbox"
"manager-mrd@chemistbd.net","MANAGER MRD","SMTP","Mailbox"
"manager-plan@chemistbd.net","MANAGER PLAN","SMTP","Mailbox"
"pmd-manager@chemistbd.net","MANAGER PMD","SMTP","Mailbox"
"manager-pmdvet@chemistbd.net","MANAGER PMD VET","SMTP","Mailbox"
"manager-qa@chemistbd.net","MANAGER QA","SMTP","Mailbox"
"manager-tax@chemistbd.net","MANAGER TAX","SMTP","Mailbox"
"manager-vat@chemistbd.net","MANAGER VAT","SMTP","Mailbox"
"md@chemistbd.net","MANAGING DIRECTOR","SMTP","Mailbox"
"drug@chemistbd.net","MR. DIPU","SMTP","Mailbox"
"mrd-dhaka@chemistbd.net","MRD DHAKA","SMTP","Mailbox"
"mymensingv@chemistbd.net","MYMENSING ANIMAL","SMTP","Mailbox"
"mymensingh@chemistbd.net","MYMENSING HUMAN","SMTP","Mailbox"
"narayangonjh@chemistbd.net","NARAYANGONJ HUMAN","SMTP","Mailbox"
"noakhaliv@chemistbd.net","NOAKHALI ANIMAL","SMTP","Mailbox"
"noakhalih@chemistbd.net","NOAKHALI HUMAN","SMTP","Mailbox"
"pabnah@chemistbd.net","PABNA HUMAN","SMTP","Mailbox"
"packaging@chemistbd.net","PACKAGING STORE","SMTP","Mailbox"
"patuakhaliv@chemistbd.net","PATUAKHALI ANIMAL","SMTP","Mailbox"
"patuakhalih@chemistbd.net","PATUAKHALI HUMAN","SMTP","Mailbox"
"payroll-hr@chemistbd.net","PAYROLL HR","SMTP","Mailbox"
"manager-pd@chemistbd.net","PD","SMTP","Mailbox"
"pmd-vet@chemistbd.net","PMD ANIMAL","SMTP","Mailbox"
"pmd-food@chemistbd.net","PMD FOOD","SMTP","Mailbox"
"pmd-herbal@chemistbd.net","PMD HERBAL","SMTP","Mailbox"
"pmd-human@chemistbd.net","PMD HUMAN","SMTP","Mailbox"
"pm@chemistbd.net","PRODUCTION MANAGER","SMTP","Mailbox"
"qc@chemistbd.net","QC OFFICER","SMTP","Mailbox"
"rajshahiv@chemistbd.net","RAJSHAHI ANIMAL","SMTP","Mailbox"
"rajshahih@chemistbd.net","RAJSHAHI HUMAN","SMTP","Mailbox"
"rangpurv@chemistbd.net","RANGPUR ANIMAL","SMTP","Mailbox"
