EmailAddress,Name,RoutingType,MailboxType
"1200stewartproject@graham.ca","1200 Stewart Project","SMTP","Mailbox"
"1568Alberni@graham.ca","1568 Alberni","SMTP","Mailbox"
"42West1996@graham.ca","42 West 1996","SMTP","PublicDL"
"42WestConstructorsLtd@graham.ca","42 West Constructors Ltd","SMTP","PublicDL"
"707TerryProject@grahamus.com","707 Terry Project","SMTP","Mailbox"
"Aaron.Bradbury@graham.ca","Aaron Bradbury","SMTP","Mailbox"
"Aaron.ChambersYakymyshyn@jasperconstructors.com","Aaron Chambers-Yakymyshyn","SMTP","Mailbox"
"Aaron.Chernoff@graham.ca","Aaron Chernoff","SMTP","Mailbox"
"Aaron.Marlatt@graham.ca","Aaron Marlatt","SMTP","Mailbox"
"Aaron.Min@graham.ca","Aaron Min","SMTP","Mailbox"
"Aaron.Power@graham.ca","Aaron Power","SMTP","Mailbox"
"Aaron.Przy@graham.ca","Aaron Przy","SMTP","Mailbox"
"Aaron.Scott@woodland-constructors.com","Aaron Scott","SMTP","Mailbox"
"Aaron.Thompson@heartland-constructors.com","Aaron Thompson","SMTP","Mailbox"
"Abdi.Elmi@heartland-constructors.com","Abdi Elmi","SMTP","Mailbox"
"Abdul.Kassongo@graham.ca","Abdul Kassongo","SMTP","Mailbox"
"Abdul.Khan@graham.ca","Abdul Khan","SMTP","Mailbox"
"Abdulhakim.Egal@heartland-constructors.com","Abdulhakim Egal","SMTP","Mailbox"
"Abdullahi.Ibrahim@heartland-constructors.com","Abdullahi Ibrahim","SMTP","Mailbox"
"Abe.Monajjem@grahamus.com","Abe Monajjem","SMTP","Mailbox"
"Abi.Tran@graham.ca","Abi Tran","SMTP","Mailbox"
"Abigail.Chirukamari@graham.ca","Abigail Chirukamari","SMTP","Mailbox"
"Abiodun.owolabi@graham.ca","Abiodun Owolabi","SMTP","Mailbox"
"Abrie.Cilliers@graham.ca","Abrie Cilliers","SMTP","Mailbox"
"AccountsPayableandDocumentControl@graham.ca","Accounts Payable and Document Control","SMTP","PublicDL"
"accreditation@graham.ca","Accreditation Supply Chain","SMTP","Mailbox"
"Ada.Cheung@graham.ca","Ada Cheung","SMTP","Mailbox"
"Adaia.Mardegan@graham.ca","Adaia Mardegan","SMTP","Mailbox"
"Adalberto.Rodriguez@graham.ca","Adalberto Rodriguez","SMTP","Mailbox"
"adama@graham.ca","Adam Arpa","SMTP","Mailbox"
"Adam.Burk@graham.ca","Adam Burk","SMTP","Mailbox"
"Adam.Chadwick@bficonstructors.com","Adam Chadwick","SMTP","Mailbox"
"Adam.Cripps@graham.ca","Adam Cripps","SMTP","Mailbox"
"Adam.Doggett@graham.ca","Adam Doggett","SMTP","Mailbox"
"Adam.Irwin@graham.ca","Adam Irwin","SMTP","Mailbox"
"Adam.Kearley@graham.ca","Adam Kearley","SMTP","Mailbox"
"Adam.Lamoureux@graham.ca","Adam Lamoureux","SMTP","Mailbox"
"Adam.Mckertcher@graham.ca","Adam Mckertcher","SMTP","Mailbox"
"Adam.Morey@graham.ca","Adam Morey","SMTP","Mailbox"
"Adam.Nanninga@integrated-constructors.com","Adam Nanninga","SMTP","Mailbox"
"Adam.Reichl@graham.ca","Adam Reichl","SMTP","Mailbox"
"Adam.Sabo@graham.ca","Adam Sabo","SMTP","Mailbox"
"Adam.Stevens@graham.ca","Adam Stevens","SMTP","Mailbox"
"Adam.Stone@graham.ca","Adam Stone","SMTP","Mailbox"
"Adam.Trenholm@graham.ca","Adam Trenholm","SMTP","Mailbox"
"Adam.White@jasperconstructors.com","Adam White","SMTP","Mailbox"
"Aden.Merk@graham.ca","Aden Merk","SMTP","Mailbox"
"Adriaan.Kruger@graham.ca","Adriaan Kruger","SMTP","Mailbox"
"Adrian.Davies@graham.ca","Adrian Davies","SMTP","Mailbox"
"Adrian.Kalnicki@graham.ca","Adrian Kalnicki","SMTP","Mailbox"
"Adrian.Robinson@integrated-constructors.com","Adrian Robinson","SMTP","Mailbox"
"Adrian.Saunders@heartland-constructors.com","Adrian Saunders","SMTP","Mailbox"
"Adriano.Maciel@graham.ca","Adriano Maciel","SMTP","Mailbox"
"Adrie.VanBilsen@graham.ca","Adrie Van Bilsen","SMTP","Mailbox"
"adrien.rahbar@gracorp.com","Adrien Rahbar","SMTP","Mailbox"
"Advisory&TA-Embedded@graham.ca","Advisory & TA - Embedded","SMTP","PublicDL"
"AdvisoryTA&Benefits@graham.ca","Advisory TA & Benefits","SMTP","PublicDL"
"AECOM-GrahamJV@graham.ca","AECOM-Graham JV","SMTP","PublicDL"
"grademodel3@graham.ca","Agtek Booking 1 - 40295","SMTP","Mailbox"
"grademodel2@graham.ca","Agtek Booking 2 - 40334","SMTP","Mailbox"
"grademodel1@graham.ca","Agtek Booking 3 - 40361","SMTP","Mailbox"
"Ahmad.Kallas@graham.ca","Ahmad Kallas","SMTP","Mailbox"
"Ahmed.Khan@integrated-constructors.com","Ahmed Khan","SMTP","Mailbox"
"ahmed.radi@graham.ca","Ahmed Radi","SMTP","Mailbox"
"Ahmed.Seid@heartland-constructors.com","Ahmed Seid","SMTP","Mailbox"
"Ahmida.Singkina@graham.ca","Ahmida Binti Singkina","SMTP","Mailbox"
"Ahnna.Heuple@grahamus.com","Ahnna Heuple","SMTP","Mailbox"
"Airefetona.Ojeabu@heartland-constructors.com","Airefetona Ojeabu","SMTP","Mailbox"
"aob_V13053@graham.ca","Airside Operations Base","SMTP","Mailbox"
"Aisha.Pruden@graham.ca","Aisha Pruden","SMTP","Mailbox"
"AIWWTPSurvey@graham.ca","AIWWTP Survey","SMTP","Mailbox"
"AJ.Karle@banffconstructors.com","AJ Karle","SMTP","Mailbox"
"Ajay.Mulvanshi@graham.ca","Ajay Mulvanshi","SMTP","Mailbox"
"Akim.Lomakin@heartland-constructors.com","Akim Lomakin","SMTP","Mailbox"
"Al.Kalnicki@graham.ca","Al Kalnicki","SMTP","Mailbox"
"Alain.Veilleux@banffconstructors.com","Alain Veilleux","SMTP","Mailbox"
"Alan.Deisher@grahamus.com","Alan Deisher","SMTP","Mailbox"
"Alan.Lait@heartland-constructors.com","Alan Lait","SMTP","Mailbox"
"Alan.Lockyer@heartland-constructors.com","Alan Lockyer","SMTP","Mailbox"
"Alan.Monro@heartland-constructors.com","Alan Monro","SMTP","Mailbox"
"Alan.Qin@graham.ca","Alan Qin","SMTP","Mailbox"
"Alan.Scanlan@graham.ca","Alan Scanlan","SMTP","Mailbox"
"Albert.Bothorel@graham.ca","Albert Bothorel","SMTP","Mailbox"
"apilon@bficonstructors.com","Albert Pilon (BFI)","SMTP","Mailbox"
"Alberta.White@jasperconstructors.com","Alberta White","SMTP","Mailbox"
"Aldric.Sinaswee@graham.ca","Aldric Sinaswee","SMTP","Mailbox"
"Alec.McKenna@heartland-constructors.com","Alec McKenna","SMTP","Mailbox"
"Alejandro.Marval@graham.ca","Alejandro Marval","SMTP","Mailbox"
"alethap@graham.ca","Aletha Peterson","SMTP","Mailbox"
"Alex.Allan@graham.ca","Alex Allan","SMTP","Mailbox"
"Alex.Barter@heartland-constructors.com","Alex Barter","SMTP","Mailbox"
"Alex.Cameron@graham.ca","Alex Cameron","SMTP","Mailbox"
"Alex.Dobrev@graham.ca","Alex Dobrev","SMTP","Mailbox"
"Alex.Garcia@grahamus.com","Alex Garcia","SMTP","Mailbox"
"Alex.Gough@graham.ca","Alex Gough","SMTP","Mailbox"
"Alex.Homer@graham.ca","Alex Homer","SMTP","Mailbox"
"Alex.Kain@integrated-constructors.com","Alex Kain","SMTP","Mailbox"
"alkeshk@graham.ca","Alex Khatri","SMTP","Mailbox"
"kishkovich@hotmail.com","Alex Kishkovich","SMTP","Contact"
"Alex.Robinson@graham.ca","Alex Robinson","SMTP","Mailbox"
