EmailAddress,Name,RoutingType,MailboxType
"Administration@electromega.com","Administration","SMTP","PublicDL"
"APerreault@electromega.com","Alain Perreault","SMTP","Mailbox"
"allusers@electromega.com","All Users","SMTP","PublicDL"
"apetrella@electromega.com","Anna Petrella","SMTP","Mailbox"
"fbelanger@electromega.com","Belanger Francois","SMTP","Mailbox"
"CBeliveau@electromega.com","Beliveau Christian","SMTP","Mailbox"
"bid@electromega.com","bid","SMTP","PublicDL"
"bantila@electromega.com","Brian Antila","SMTP","Mailbox"
"ComiteISO@electromega.com","Comite ISO","SMTP","PublicDL"
"Comptabilite2@electromega.com","Comptabilite","SMTP","PublicDL"
"DeptServiceTechnique@electromega.com","Dept Service Technique","SMTP","PublicDL"
"DeptServiceCalendar@electromega.com","DeptServiceCalendar","SMTP","PublicDL"
"iDikici@electromega.com","Dikici Islambey","SMTP","Mailbox"
"ELECTROMEGA@electromega.com","Electromega","SMTP","PublicDL"
"ElectromegaCandiac@electromega.com","Electromega (Candiac)","SMTP","PublicDL"
"ElectromegaOakville@electromega.com","Electromega (Oakville)","SMTP","PublicDL"
"ElectromegaSurrey@electromega.com","Electromega (Surrey)","SMTP","PublicDL"
"EMEGA@electromega.com","EMEGA","SMTP","Mailbox"
"jbgarcon@electromega.com","Garcon Jean-Berins","SMTP","Mailbox"
"gcantin@electromega.com","Gilbert Cantin","SMTP","Mailbox"
"HealthMailboxJBTR241@electromega.com","HealthMailboxJBTR241","SMTP","Mailbox"
"HealthMailboxVAZK186@electromega.com","HealthMailboxVAZK186","SMTP","Mailbox"
"jpelletier@electromega.com","Joel Pelletier","SMTP","Mailbox"
"jlepage@electromega.com","Lepage Johanne","SMTP","Mailbox"
"mleclerc@electromega.com","Manon Leclerc","SMTP","Mailbox"
"msaini@electromega.com","Manpreet Kaur Saini","SMTP","Mailbox"
"mpierre@electromega.com","Max Pierre","SMTP","Mailbox"
"Mallard@electromega.com","Michelle Allard","SMTP","Mailbox"
"ntremblay@electromega.com","Norbert Tremblay","SMTP","Mailbox"
"Otousignant@electromega.com","Olivier Tousignant","SMTP","Mailbox"
"plamoureux@electromega.com","Pascal Lamoureux","SMTP","Mailbox"
"Payables@electromega.com","Payables","SMTP","Mailbox"
"SPookim@electromega.com","Pookim Li Fu Shune","SMTP","Mailbox"
"recevables@electromega.com","recevables","SMTP","Mailbox"
"esasset@electromega.com","Sasset Eric","SMTP","Mailbox"
"ServiceAdminGroup@electromega.com","Service Admin Group","SMTP","PublicDL"
"service.blinkay@electromega.com","service blinkay","SMTP","Mailbox"
"ServiceTicket@electromega.com","ServiceTicket","SMTP","Mailbox"
"Shared-customer.service@electromega.com","Shared-customer.service","SMTP","Mailbox"
"Shared-General@electromega.com","Shared-General","SMTP","Mailbox"
"Shared-Order@electromega.com","Shared-Order","SMTP","Mailbox"
"Shared-Order2@electromega.com","Shared-Order2","SMTP","Mailbox"
"Smaye@electromega.com","Sheila Maye","SMTP","Mailbox"
"SCharpentier@electromega.com","Solange Charpentier","SMTP","Mailbox"
"soleil@electromega.com","soleil","SMTP","Mailbox"
"ASSTechnique@electromega.com","Tech50 Equipe","SMTP","Mailbox"
"pthach@electromega.com","Thach Phana","SMTP","Mailbox"
"tlamoureux@electromega.com","Thierry Lamoureux","SMTP","Mailbox"
"Traffic@electromega.com","Traffic Electromega","SMTP","Mailbox"
"Ventes@electromega.com","Ventes","SMTP","PublicDL"
"nweche@electromega.com","Weche Nikindly","SMTP","Mailbox"
"sbsadmins@electromega.com","Windows SBS Administrators","SMTP","PublicDL"
