EmailAddress,Name,RoutingType,MailboxType
"aalavi@dragados-canada.com","aalavi@dragados-canada.com","SMTP","Contact"
"Abby.Vaillancourt@EBCINC.com","Abby Vaillancourt","SMTP","Mailbox"
"abdelmoumen.boudella@ebcinc.com","Abdelmoumen Mohamed Boudella","SMTP","Mailbox"
"abdi.hussein@ebcinc.com","Abdi Hussein","SMTP","Mailbox"
"AccountsReceivable@northec.ca","Accounts Receivable Northec","SMTP","Mailbox"
"adam.rousseau-boissonneault@ebcinc.com","Adam Rousseau-Boissonneault","SMTP","Mailbox"
"adlene.sifi@ebcinc.com","Adlene Sifi","SMTP","Mailbox"
"admin.notes@ebcinc.com","admin notes","SMTP","Contact"
"Admin.Toronto@EBCINC.com","Admin Toronto","SMTP","Mailbox"
"adrid@dragados-canada.com","adrid@dragados-canada.com","SMTP","Contact"
"aguissi@dragados-canada.com","aguissi (EDT)","SMTP","Contact"
"akshay.nair@ebcinc.com","Akshay Nair","SMTP","Mailbox"
"Alaaeldin.Alsahli@EBCINC.com","Alaaeldin Alsahli","SMTP","Mailbox"
"Alain.Beaumier@ebcinc.com","Alain Beaumier","SMTP","Mailbox"
"Alain.Charland@ebcinc.com","Alain Charland","SMTP","Mailbox"
"Alain.Fortier@TowerArctic.net","Alain Fortier","SMTP","Mailbox"
"alain.frbezar@ebcinc.com","Alain Frbezar","SMTP","Mailbox"
"alain.joannic@ebcinc.com","Alain Joannic","SMTP","Mailbox"
"Alain.Lacasse@EBCINC.com","Alain Lacasse","SMTP","Mailbox"
"Alain.Ouellet@glr.qc.ca","Alain Ouellet","SMTP","Mailbox"
"Alex.Baillargeon@EBCINC.com","Alex Baillargeon","SMTP","Mailbox"
"alex.baillargeon@nouvlr.com","alex baillargeon","SMTP","Contact"
"Alex.Branchaud@EBCINC.com","Alex Branchaud","SMTP","Mailbox"
"alex.daneau@ebcinc.com","Alex Daneau","SMTP","Mailbox"
"alex.vie@ebcinc.com","Alex Vié","SMTP","Mailbox"
"Alexandra.Marin@EBCINC.com","Alexandra Marin","SMTP","Mailbox"
"alex.beaumont@ebcinc.com","Alexandre Beaumont","SMTP","Mailbox"
"Alexandre.Blanchette@ebcinc.com","Alexandre Blanchette","SMTP","Mailbox"
"Alexandre.Croteau@EBCINC.com","Alexandre Croteau","SMTP","Mailbox"
"Alexandre.Duhaime@EBCINC.com","Alexandre Duhaime","SMTP","Mailbox"
"Alexandre.Gagnon@EBCINC.com","Alexandre Gagnon","SMTP","Mailbox"
"alexandre.marois@ebcinc.com","Alexandre Marois","SMTP","Mailbox"
"alexandre.pare@glr.qc.ca","Alexandre Paré","SMTP","Mailbox"
"Alexandrine.Lessard@ebcinc.com","Alexandrine Lessard","SMTP","Mailbox"
"alexis.forest@towerarctic.net","Alexis Forest","SMTP","Mailbox"
"ali.el-akhrass@ebcinc.com","Ali El-Akhrass","SMTP","Mailbox"
"ali.jabara@ebcinc.com","Ali Jabara","SMTP","Mailbox"
"Ali.Muhsin@EBCINC.com","Ali Muhsin","SMTP","Mailbox"
"ali.torkamani@ebcinc.com","Ali Torkamani","SMTP","Mailbox"
"alice.breault-germain@ebcinc.com","Alice Breault-Germain","SMTP","Mailbox"
"aman.saini@ebcinc.com","Aman Saini","SMTP","Mailbox"
"Amelie.Labonte@EBCINC.com","Amélie Labonté","SMTP","Mailbox"
"amelie.turgeon@ebcinc.com","Amélie Turgeon","SMTP","Mailbox"
"Amin.Afshar@EBCINC.com","Amin Afshar","SMTP","Mailbox"
"Amine.Ghouili@EBCINC.com","Amine Ghouili","SMTP","Mailbox"
"Ana-Beatriz.Ojeda@EBCINC.com","Ana-Beatriz Ojeda","SMTP","Mailbox"
"anass.housni@ebcinc.com","Anass Housni","SMTP","Mailbox"
"andre.genois@glr.qc.ca","André Genois","SMTP","Mailbox"
"Andre.Mirault@EBCINC.com","André Mirault","SMTP","Mailbox"
"andre.power@ebcinc.com","Andre Power","SMTP","Mailbox"
"andre.roy@ebcinc.com","André Roy","SMTP","Mailbox"
"Andre.Roy1@towerarctic.net","André Roy TW","SMTP","Mailbox"
"andre.roy1@ebcinc.com","André Roy1","SMTP","Mailbox"
"Andre.Ruel@ebcinc.com","André Ruel","SMTP","Mailbox"
"Andrea.Mendoza@EBCINC.com","Andrea Mendoza","SMTP","Mailbox"
"andreanne.pouliot@ebcinc.com","Andréanne Pouliot","SMTP","Mailbox"
"Andres.Londono@EBCINC.com","Andres Londono","SMTP","Mailbox"
"Andrew.Paul@EBCINC.com","Andrew Paul","SMTP","Mailbox"
"Angeline.Duval@ebcinc.com","Angéline Duval","SMTP","Mailbox"
"anh-tuan.st-pierre@ebcinc.com","Anh-Tuan St-Pierre","SMTP","Mailbox"
"anik.pierre-louis@ebcinc.com","Anik Pierre-Louis","SMTP","Mailbox"
"Anika.Beaulieu-Desrosiers@EBCINC.com","Anika Beaulieu-Desrosiers","SMTP","Mailbox"
"Anna.TranDao@ebcinc.com","Anna Tran Dao","SMTP","Mailbox"
"Annabel.Langlois@EBCINC.com","Annabel Langlois","SMTP","Mailbox"
"annabelle.guerrero@ebcinc.com","Annabelle Guerrero","SMTP","Mailbox"
"anne.genest@ebcinc.com","Anne Genest","SMTP","Mailbox"
"Anne.Pelletier@ebcinc.com","Anne Pelletier","SMTP","Mailbox"
"Anne-Marie.Desroches@ebcinc.com","Anne-Marie Desroches","SMTP","Mailbox"
"Anne-Marie.Girard@ebcinc.com","Anne-Marie Girard","SMTP","Mailbox"
"Anne-Marie.Thivierge@EBCINC.com","Anne-Marie Thivierge","SMTP","Mailbox"
"Annie.Fiset@ebcinc.com","Annie Fiset","SMTP","Mailbox"
"Annie.Lavoie@EBCINC.com","Annie Lavoie","SMTP","Mailbox"
"Annie.Lebreux@ebcinc.com","Annie Lebreux","SMTP","Mailbox"
"anny.murray@ebcinc.com","Anny Murray","SMTP","Mailbox"
"Anouar.Drid@EBCINC.com","Anouar Drid","SMTP","Mailbox"
"Anthony.Berthelot@EBCINC.com","Anthony Berthelot","SMTP","Mailbox"
"anthony.burger@ebcinc.com","Anthony Burger","SMTP","Mailbox"
"Anthony.Chasse@glr.qc.ca","Anthony Chasse","SMTP","Mailbox"
"Anthony.Hammouche@EBCINC.com","Anthony Hammouche","SMTP","Mailbox"
"Anthony.Michaud@EBCINC.com","Anthony Michaud","SMTP","Mailbox"
"Antoine.Cardinal@EBCINC.com","Antoine Cardinal","SMTP","Mailbox"
"antoine.marcoux@ebcinc.com","Antoine Marcoux","SMTP","Mailbox"
"Antonio.Caracena@EBCINC.com","Antonio Caracena","SMTP","Mailbox"
"acaracena@Dragados-Canada.com","antonio caracena","SMTP","Contact"
"Antonio.Mendoza@EBCINC.com","Antonio Mendoza","SMTP","Mailbox"
"Antonio.Pistilli@EBCINC.com","Antonio Pistilli","SMTP","Mailbox"
"Antony.Leclerc@ebcinc.com","Antony Leclerc","SMTP","Mailbox"
"ariane.belanger@towerarctic.net","Ariane Bélanger","SMTP","Mailbox"
"Arnaud.Clochard@ebcinc.com","Arnaud Clochard","SMTP","Mailbox"
"Arthur.Lapointe@EBCINC.com","Arthur Lapointe","SMTP","Mailbox"
"arturo.andrade@ebcinc.com","Arturo Andrade","SMTP","Mailbox"
"Audree.Godbout@EBCINC.com","Audrée Godbout","SMTP","Mailbox"
"Audrey.Benoit@EBCINC.com","Audrey Benoit","SMTP","Mailbox"
"Audrey.Lessard@EBCINC.com","Audrey Lessard","SMTP","Mailbox"
"Aurelie.Sottiau@EBCINC.com","Aurélie Sottiau","SMTP","Mailbox"
"Avenants@ebcinc.com","Avenants","SMTP","Mailbox"
"aya.driouich@ebcinc.com","Aya Driouich","SMTP","Mailbox"
"Aymen.Albouchi@EBCINC.com","Aymen Albouchi","SMTP","Mailbox"
"ayoub.oussine@ebcinc.com","Ayoub Oussine","SMTP","Mailbox"
"Baffinland.Litige@EBCINC.com","Baffinland Litige","SMTP","Mailbox"
