EmailAddress,Name,RoutingType,MailboxType
"poject1605021@tomlinsongroup.com","1605021_DB2015-4023_Hwy 28","SMTP","PublicDL"
"project1705046@tomlinsongroup.com","1705046 La Rue Mills","SMTP","PublicDL"
"project1705123@tomlinsongroup.com","1705123 Casselman CVIF","SMTP","PublicDL"
"1805029IndustrialParkBridge@tomlinsongroup.com","1805029 Industrial Park Bridge","SMTP","PublicDL"
"project1805046@tomlinsongroup.com","1805046 Hwy 417_Vankleek Hill","SMTP","PublicDL"
"1805052Hwy60Dwight@tomlinsongroup.com","1805052 – Hwy 60 Dwight","SMTP","PublicDL"
"1905024hwy401paving@tomlinsongroup.com","1905024 Hwy 401 Paving at Grafton","SMTP","PublicDL"
"1905042MTO@tomlinsongroup.com","1905042_OTRAIN_MTO_20184024","SMTP","PublicDL"
"19-GB032@tomlinsongroup.com","19-GB032 Richardson Ridge","SMTP","PublicDL"
"2005004_Conservancy@tomlinsongroup.com","2005004_Conservancy","SMTP","PublicDL"
"2016-4022@tomlinsongroup.com","2016-4022","SMTP","PublicDL"
"2016-4036@tomlinsongroup.com","2016-4036","SMTP","PublicDL"
"2018-4011@tomlinsongroup.com","2018-4011","SMTP","PublicDL"
"2021-4002@tomlinsongroup.com","2021-4002","SMTP","PublicDL"
"20-KC143@tomlinsongroup.com","20-KC143","SMTP","PublicDL"
"21-HC063@tomlinsongroup.com","21-HC063","SMTP","PublicDL"
"21-HC076@tomlinsongroup.com","21-HC076","SMTP","PublicDL"
"21-HC078-ESAP@tomlinsongroup.com","21-HC078-ESAP","SMTP","PublicDL"
"21-HC091@tomlinsongroup.com","21-HC091","SMTP","PublicDL"
"21-HC108@tomlinsongroup.com","21-HC108","SMTP","PublicDL"
"21-HC119@tomlinsongroup.com","21-HC119","SMTP","PublicDL"
"21-KC028@tomlinsongroup.com","21-KC028","SMTP","PublicDL"
"21-KC031@tomlinsongroup.com","21-KC031","SMTP","PublicDL"
"22-TI042@tomlinsongroup.com","22-TI042","SMTP","PublicDL"
"22-TI061@tomlinsongroup.com","22-TI061","SMTP","PublicDL"
"22-TI084@tomlinsongroup.com","22-TI084","SMTP","PublicDL"
"416lands@tomlinsongroup.com","416lands","SMTP","PublicDL"
"5597BackBoardroom@tomlinsongroup.com","5597 Back Boardroom","SMTP","Mailbox"
"boardroom_front@tomlinsongroup.com","5597 Front Boardroom","SMTP","Mailbox"
"5597LrgTrnRm@tomlinsongroup.com","5597 Large Training Room","SMTP","Mailbox"
"5597SmlTrnRm@tomlinsongroup.com","5597 Small Training Room","SMTP","Mailbox"
"abayne@tomlinsongroup.com","Aaron Bayne","SMTP","Mailbox"
"alevi@illumiti.com","Aaron Levi","SMTP","Mailbox"
"AccountingDistributionGroup@tomlinsongroup.com","Accounting Distribution Group","SMTP","PublicDL"
"nmasnyk@tomlinsongroup.com","Accounting Scan","SMTP","Mailbox"
"accounting@lystek.com","accountingLystek","SMTP","PublicDL"
"ahendriks@tomlinsongroup.com","Adam Hendriks","SMTP","Mailbox"
"aletemplier@tomlinsongroup.com","Adam Letemplier","SMTP","Mailbox"
"arichardson@tomlinsongroup.com","Adam Richardson","SMTP","Mailbox"
"adamr@tomlinsongroup.com","Adam Ryan","SMTP","Mailbox"
"tech_admin02@tomlinsongroup.com","Administrative Account #02","SMTP","Mailbox"
"tech_admin06@tomlinsongroup.com","Administrative Account #06","SMTP","Mailbox"
"tech_admin11@tomlinsongroup.com","Administrative Account #11","SMTP","Mailbox"
"Administrator@tomlinsongroup.com","Administrator","SMTP","Mailbox"
"aurgolo@tomlinsongroup.com","Adriano Urgolo","SMTP","Mailbox"
"avandyk@lystek.com","Adrienne Van Dyk","SMTP","Mailbox"
"afterhours@tomlinsongroup.com","After Hours","SMTP","PublicDL"
"AggregateDistributionGroup@tomlinsongroup.com","Aggregate Distribution Group","SMTP","PublicDL"
"aggregateoperations@tomlinsongroup.com","Aggregate Operations","SMTP","PublicDL"
"aggregate@tomlinsongroup.com","Aggregate Orders","SMTP","PublicDL"
"AirWatchPilotGroup@tomlinsongroup.com","AirWatchPilotGroup","SMTP","PublicDL"
"asetty@illumiti.com","Ajay Setty","SMTP","Mailbox"
"asingh@lystek.com","Ajay Singh","SMTP","Mailbox"
"aconboy@tomlinsongroup.com","Al Conboy","SMTP","Mailbox"
"adure@tomlinsongroup.com","Alain Dure","SMTP","Mailbox"
"alalonde@tomlinsongroup.com","Alain Lalonde","SMTP","Mailbox"
"alegue@tomlinsongroup.com","Alan Legue","SMTP","Mailbox"
"albionboardroom@tomlinsongroup.com","Albion Boardroom","SMTP","Mailbox"
"albionpicking@tomlinsongroup.com","Albion Picking","SMTP","PublicDL"
"equipmentrepairs@tomlinsongroup.com","ALBION ROAD GARAGE EQUIPMENT REPAIRS","SMTP","PublicDL"
"AlbionScale@tomlinsongroup.com","Albion Scale","SMTP","Mailbox"
"amakinson@tomlinsongroup.com","Aleesha Makinson","SMTP","Mailbox"
"asmirnov@tomlinsongroup.com","Alena Smirnov","SMTP","Mailbox"
"abeggs@tomlinsongroup.com","Alex Beggs","SMTP","Mailbox"
"aboland@tomlinsongroup.com","Alex Boland","SMTP","Mailbox"
"acampbell@tomlinsongroup.com","Alex Campbell","SMTP","Mailbox"
"afletcher@tomlinsongroup.com","Alex Fletcher","SMTP","Mailbox"
"ajordison@tomlinsongroup.com","Alex Jordison","SMTP","Mailbox"
"amcneil@tomlinsongroup.com","Alex McNeil","SMTP","Mailbox"
"amukoma@tomlinsongroup.com","Alex Mukoma","SMTP","Mailbox"
"aromano@tomlinsongroup.com","Alex Romano","SMTP","Mailbox"
"astawn@tomlinsongroup.com","Alex Stawn","SMTP","Mailbox"
"awest@lystek.com","Alex West","SMTP","Mailbox"
"aferguson@tomlinsongroup.com","Alexander Ferguson","SMTP","Mailbox"
"ahayes@tomlinsongroup.com","Alexander Hayes","SMTP","Mailbox"
"alove@lystek.com","Alexander Love","SMTP","Mailbox"
"acarver@tomlinsongroup.com","Alexandria Carver","SMTP","Mailbox"
"alfreddispatch@tomlinsongroup.com","Alfred Dispatch","SMTP","Mailbox"
"amartin@illumiti.com","Alfredo Martin","SMTP","Mailbox"
"asocaci@tomlinsongroup.com","Alina Socaci","SMTP","Mailbox"
"asow@tomlinsongroup.com","Aliou Sow","SMTP","Mailbox"
"afunk@tomlinsongroup.com","Alisa Funk","SMTP","Mailbox"
"amiller@tomlinsongroup.com","Alistair Miller","SMTP","Mailbox"
"ALLBoardroomMeetingRooms@tomlinsongroup.com","ALL Boardroom Meeting Rooms","SMTP","PublicDL"
"amacdonald@communi-t.com","Allan MacDonald","SMTP","Mailbox"
"alittle@tomlinsongroup.com","Allen Little","SMTP","Mailbox"
"ayousef@tomlinsongroup.com","Al-Oqbi Yousef","SMTP","Mailbox"
"altavista@tomlinsongroup.com","Alta Vista","SMTP","PublicDL"
"altavista@greenbeltconstruction.ca","altavista","SMTP","PublicDL"
"amaurice@tomlinsongroup.com","Alvarez Maurice","SMTP","Mailbox"
"ahawes@tomlinsongroup.com","Amanda Hawes","SMTP","Mailbox"
"APaturu@illumiti.com","Amar Paturu","SMTP","Mailbox"
"afenlong@tomlinsongroup.com","Amber Fenlong","SMTP","Mailbox"
"amadani@illumiti.com","Amir Madani","SMTP","Mailbox"
"abrown@tomlinsongroup.com","Amy Brown","SMTP","Mailbox"
"afox@tomlinsongroup.com","Amy Fox","SMTP","Mailbox"
"atomlinson@tomlinsongroup.com","Amy Tomlinson","SMTP","Mailbox"
"ajaglan@tomlinsongroup.com","Anand Jaglan","SMTP","Mailbox"
"amichaud@tomlinsongroup.com","Andre Michaud","SMTP","Mailbox"
"arodrigues@tomlinsongroup.com","Andre Rodrigues","SMTP","Mailbox"
