EmailAddress,Name,RoutingType,MailboxType
"3rdFloorRoomA@phoenixctr.com","3rd Floor Meeting Room A","SMTP","Mailbox"
"3rdFloorRoomB@phoenixctr.com","3rd Floor Meeting Room B","SMTP","Mailbox"
"adoner@phoenixctr.com","Abby Doner","SMTP","Mailbox"
"admanager@phoenixctr.com","AD Manager","SMTP","Mailbox"
"AdministrationStaff@phoenixctr.com","Administration Staff","SMTP","PublicDL"
"Administrator@phoenixctr.com","Administrator","SMTP","Mailbox"
"acannon@phoenixctr.com","Alexis Cannon","SMTP","Mailbox"
"AllStaff@phoenixctr.com","All Staff","SMTP","PublicDL"
"Boardroom@phoenixctr.com","Boardroom","SMTP","Mailbox"
"bmcIntyre@phoenixctr.com","Bonnie McIntyre","SMTP","Mailbox"
"bbeauchamp@phoenixctr.com","Brenda Beauchamp","SMTP","Mailbox"
"cbell@phoenixctr.com","Candace Bell","SMTP","Mailbox"
"cryan@phoenixctr.com","Cara-Lynne Ryan","SMTP","Mailbox"
"central.team@phoenixctr.com","Central Team","SMTP","PublicDL"
"cchaput@phoenixctr.com","Charlene Chaput","SMTP","Mailbox"
"cpalubiski@phoenixctr.com","Cheryl P","SMTP","Mailbox"
"clinical@phoenixctr.com","Clinical Staff Members","SMTP","PublicDL"
"contactWTP@phoenixctr.com","Contact WTP","SMTP","Mailbox"
"cpan@phoenixctr.com","CPAN Account","SMTP","Mailbox"
"dwoodfine@phoenixctr.com","Debra Woodfine","SMTP","Mailbox"
"estrang@phoenixctr.com","Eleanor Strang","SMTP","Mailbox"
"emckenzie@phoenixctr.com","Emily McKenzie","SMTP","Mailbox"
"eoakie@phoenixctr.com","Erin Oakie","SMTP","Mailbox"
"FamilyRoom@phoenixctr.com","Family Room","SMTP","Mailbox"
"mail@phoenixctr.com","General Mailbox","SMTP","Mailbox"
"glubimiv@phoenixctr.com","Greg Lubimiv","SMTP","Mailbox"
"jwatters@phoenixctr.com","Jackie Dillabough","SMTP","Mailbox"
"jcullen@phoenixctr.com","Janet Cullen","SMTP","Mailbox"
"jplante@phoenixctr.com","Jerry Plante","SMTP","Mailbox"
"jnitsopoulos@phoenixctr.com","Jessica Nitsopoulos","SMTP","Mailbox"
"jrowsell@phoenixctr.com","Jessica Rowsell","SMTP","Mailbox"
"jdawson@phoenixctr.com","Joanne Dawson","SMTP","Mailbox"
"jmorin@phoenixctr.com","Julianna Morin","SMTP","Mailbox"
"kmulligan@phoenixctr.com","Karen Mulligan","SMTP","Mailbox"
"kleonard@phoenixctr.com","Katherine Leonard","SMTP","Mailbox"
"ksoolepp@phoenixctr.com","Katrin Soolepp","SMTP","Mailbox"
"kmallette@phoenixctr.com","Katrina Mallette","SMTP","Mailbox"
"kverville@phoenixctr.com","Kayla Verville","SMTP","Mailbox"
"lcampbell@phoenixctr.com","Laurie Campbell","SMTP","Mailbox"
"ldekleyne@phoenixctr.com","Lindsay Dekleyne","SMTP","Mailbox"
"lklotz@phoenixctr.com","Lydia Klotz","SMTP","Mailbox"
"lsmith@phoenixctr.com","Lyn Smith","SMTP","Mailbox"
"mailadmin@phoenixctr.com","Mail Admin","SMTP","Mailbox"
"manager.designates@phoenixctr.com","Manager Designates","SMTP","PublicDL"
"Managers@phoenixctr.com","Managers","SMTP","PublicDL"
"mneadow@phoenixctr.com","Matthew J. Neadow","SMTP","Mailbox"
"mwatts@phoenixctr.com","Melanie Watts","SMTP","Mailbox"
"mdemers@phoenixctr.com","Melissa Demers","SMTP","Mailbox"
"mproulx@phoenixctr.com","Melissa Proulx","SMTP","Mailbox"
"mthroop@phoenixctr.com","Melissa Throop","SMTP","Mailbox"
"moleynik@phoenixctr.com","Melissa Worden","SMTP","Mailbox"
"mrobinson@phoenixctr.com","Monique Robinson","SMTP","Mailbox"
"nristau@phoenixctr.com","Nicole Ristau","SMTP","Mailbox"
"ObservationRoom@phoenixctr.com","Observation Room","SMTP","Mailbox"
"osorensen@phoenixctr.com","Olivia Sorensen","SMTP","Mailbox"
"pembroke.staff@phoenixctr.com","Pembroke Staff","SMTP","PublicDL"
"planglois@phoenixctr.com","Penny Langlois","SMTP","Mailbox"
"PlayRoom@phoenixctr.com","Play Room","SMTP","Mailbox"
"PsychServices@phoenixctr.com","Psych Services","SMTP","Mailbox"
"rborshevsky@phoenixctr.com","Rachel Borshevsky","SMTP","Mailbox"
"rfraser@phoenixctr.com","Rebecca Fraser","SMTP","Mailbox"
"RenfrewMeetingRoom@phoenixctr.com","Renfrew Meeting Room","SMTP","Mailbox"
"renfrew.staff@phoenixctr.com","Renfrew Staff","SMTP","PublicDL"
"rlarouche@phoenixctr.com","Rosalie Larouche","SMTP","Mailbox"
"rcadams@phoenixctr.com","Ruqqiah Carmen Adams","SMTP","Mailbox"
"slavigne@phoenixctr.com","Samantha Lavigne","SMTP","Mailbox"
"swright@phoenixctr.com","Sandi Wright","SMTP","Mailbox"
"srees@phoenixctr.com","Sharon Rees","SMTP","Mailbox"
"spost@phoenixctr.com","Shelley Post","SMTP","Mailbox"
"sa.executive@phoenixctr.com","Staff Association Executive","SMTP","PublicDL"
"staff.association.members@phoenixctr.com","Staff Association Members","SMTP","PublicDL"
"sbelaire@phoenixctr.com","Stephanie Belaire","SMTP","Mailbox"
"tppmail@phoenixctr.com","TPP Mail","SMTP","Mailbox"
"tppsupport@welcometoparenting.com","TPP Support","SMTP","Mailbox"
"TrainingWebinars@phoenixctr.com","Training and Webinars","SMTP","Mailbox"
"UpstairsGroupRoom@phoenixctr.com","Upstairs Group Room","SMTP","Mailbox"
"walkins@phoenixctr.com","Walk In/Intake/Mgmt Coverage","SMTP","Mailbox"
"wbronson@phoenixctr.com","Wendy Bronson","SMTP","Mailbox"
"WTPmail@welcometoparenting.com","WTPmail","SMTP","Mailbox"
"support@welcometoparenting.com","WTPsupport","SMTP","Mailbox"
