EmailAddress,Name,RoutingType,MailboxType
"104rajahstreet@realstar.ca","104 Rajah Street","SMTP","Mailbox"
"18thFloor@realstar.ca","18thFloor","SMTP","Mailbox"
"19themployees@realstar.ca","19th Employees","SMTP","PublicDL"
"19thfloorback@realstar.ca","19thfloor Back","SMTP","Mailbox"
"19thFLoorfront@realstar.ca","19thFLoor Front","SMTP","Mailbox"
"20themployees@realstar.ca","20th Employees","SMTP","PublicDL"
"marinedrive@realstar.ca","2300 Marine Drive","SMTP","Mailbox"
"300stclair@realstar.ca","300 St. Clair Ave West","SMTP","Mailbox"
"glenpark@realstar.ca","437 Glen Park","SMTP","Mailbox"
"534marystreet@realstar.ca","534 Mary Street","SMTP","Mailbox"
"641vaughanroad@realstar.ca","641 Vaughan Road","SMTP","Mailbox"
"6brandstandards@realstar.ca","6brandstandards","SMTP","PublicDL"
"99jasper@realstar.ca","99 Jasper","SMTP","Mailbox"
"aaqib.rauf@realstar.ca","Aaqib Rauf","SMTP","Mailbox"
"abigail.caringal@realstar.ca","Abigail Caringal","SMTP","Mailbox"
"Accountants@realstar.ca","Accountant Email Distribution List","SMTP","PublicDL"
"ap@realstar.ca","Accounts Payable","SMTP","Mailbox"
"AccountsPayable@realstar.ca","Accounts Payable Email Distribution List","SMTP","PublicDL"
"AcquistionEmailDistributionList@realstar.ca","Acquistion Email Distribution List","SMTP","PublicDL"
"actonapts@realstar.ca","Acton","SMTP","Mailbox"
"adam.hader@realstar.ca","Adam Hader","SMTP","Mailbox"
"adora.baldeo@realstar.ca","Adora Baldeo","SMTP","Mailbox"
"airdrieplace@realstar.ca","Airdrie Place","SMTP","Mailbox"
"al.mitha@realstar.ca","Al Mitha","SMTP","Mailbox"
"albanyplace@realstar.ca","Albany Place","SMTP","Mailbox"
"alice.campagna@realstar.ca","Alice Campagna","SMTP","Mailbox"
"alice.capitan@realstar.ca","Alice Capitan","SMTP","Mailbox"
"alice.rampersad@realstar.ca","Alice Rampersad","SMTP","Mailbox"
"Ally.Wesson@realstarhospitality.com","Ally Wesson","SMTP","Mailbox"
"amesburygate@realstar.ca","Amesbury Gate","SMTP","Mailbox"
"amesburymaint@realstar.ca","Amesbury Maintenance","SMTP","Mailbox"
"ana.sandru@realstar.ca","Ana Sandru","SMTP","Mailbox"
"andrea.baldeo@realstar.ca","Andrea Baldeo","SMTP","Mailbox"
"andrew.javellana@realstar.ca","Andrew Javellana","SMTP","Mailbox"
"ann.fortier@realstar.ca","Ann Fortier","SMTP","Mailbox"
"anna.caringal@realstar.ca","Anna Caringal","SMTP","Mailbox"
"antoinette.addona@realstarhospitality.com","Antoinette Addona","SMTP","Mailbox"
"ap.keystone@realstar.ca","Ap Keystone","SMTP","Mailbox"
"approcess@realstar.ca","Ap Process","SMTP","Mailbox"
"apple@realstar.ca","Apple","SMTP","Mailbox"
"arthur.eng@realstar.ca","Arthur Eng","SMTP","Mailbox"
"ashley.kerr@realstar.ca","Ashley Kerr","SMTP","Mailbox"
"ashley.krais@realstargroup.com","Ashley Krais","SMTP","Contact"
"astrid.kretschmann@realstar.ca","Astrid Kretschmann","SMTP","Mailbox"
"atif.hussain@realstar.ca","Atif Hussain","SMTP","Mailbox"
"auditors@realstar.ca","Auditors","SMTP","Mailbox"
"avalon@realstar.ca","Avalon Apartments","SMTP","Mailbox"
"avery.bigford@realstarhospitality.com","Avery Bigford","SMTP","Mailbox"
"avlin.stewart@realstar.ca","Avlin Stewart","SMTP","Mailbox"
"axial@realstar.ca","Axial Towers","SMTP","Mailbox"
"bakerarms.wexford@realstar.ca","Baker Arms Wexford Apartments","SMTP","Mailbox"
"bathurststreetapts@realstar.ca","Bathurst Street","SMTP","Mailbox"
"bayterrace@realstar.ca","Bay Terrace II","SMTP","Mailbox"
"bayfieldtower@realstar.ca","Bayfield Tower Apartments","SMTP","Mailbox"
"bayviewgardens@realstar.ca","Bayview Gardens","SMTP","Mailbox"
"bayviewtowers@realstar.ca","Bayview Towers - WBH Sarnia","SMTP","Mailbox"
"bbbrentals@realstar.ca","BBB Rentals","SMTP","Mailbox"
"bcproperties@realstar.ca","BC Properties Email Distribution List","SMTP","PublicDL"
"beachhill@realstar.ca","BeachHill Apartments","SMTP","Mailbox"
"beaconheights@realstar.ca","Beacon Heights","SMTP","Mailbox"
"berryroad@realstar.ca","Berry Road","SMTP","Mailbox"
"bess.wong@realstar.ca","Bess Wong","SMTP","Mailbox"
"betty.giaschi@realstar.ca","Betty Giaschi","SMTP","Mailbox"
"bevbigtas@yahoo.ca","Beverly Ocampo","SMTP","Contact"
"bexhill@realstar.ca","Bexhill Court Apartments","SMTP","Mailbox"
"bill.cordy@realstar.ca","Bill Cordy","SMTP","Mailbox"
"billpayremittance@realstar.ca","billpayremittance","SMTP","PublicDL"
"bcgcondos@realstar.ca","Blake Charles Goldring Condos","SMTP","Mailbox"
"bloorstreet@realstar.ca","Bloor Street (851-857)","SMTP","Mailbox"
"bourgduvillage@realstar.ca","Bourg du Village","SMTP","Mailbox"
"bradfordplace@realstar.ca","Bradford Place","SMTP","Mailbox"
"braemargardens@realstar.ca","Braemar Gardens","SMTP","Mailbox"
"brandon.lord@realstar.ca","Brandon Lord","SMTP","Mailbox"
"brenda.walsh@realstar.ca","Brenda Walsh","SMTP","Mailbox"
"brian.cepler@realstar.ca","Brian Cepler","SMTP","Mailbox"
"Brian.Price@realstarhospitality.com","Brian Price","SMTP","Mailbox"
"brightonapts@realstar.ca","Brighton Apartments","SMTP","Mailbox"
"brockville@realstar.ca","Brockville - WBH","SMTP","Mailbox"
"brookbanks@realstar.ca","Brookbanks Apartments","SMTP","Mailbox"
"maintenance.brookbanks@realstar.ca","Brookbanks Maintenance","SMTP","Mailbox"
"bryce.moody@realstar.ca","Bryce Moody","SMTP","Mailbox"
"BuildingEmailDistributionList@realstar.ca","Building Email Distribution List","SMTP","PublicDL"
"BuildingStandardsEmailDistributionList@realstar.ca","Building Standards Email Distribution List","SMTP","PublicDL"
"Byron.Martin@realstarhospitality.com","Byron Martin","SMTP","Mailbox"
"cambridgeplace@realstar.ca","Cambridge Place 1","SMTP","Mailbox"
"camplace.maintenance@realstar.ca","Cambridge Place Maintenance","SMTP","Mailbox"
"candi.giles@realstar.ca","Candi Giles","SMTP","Mailbox"
"capitolhill1@realstar.ca","Capitol Hill 1","SMTP","Mailbox"
"capitolhill2@realstar.ca","Capitol Hill 2","SMTP","Mailbox"
"careers@realstar.ca","Careers","SMTP","Mailbox"
"czcondos@realstar.ca","Carole Zucker Condos","SMTP","Mailbox"
"carriagehill@realstar.ca","Carriage Hill","SMTP","Mailbox"
"carrie.strangways@realstar.ca","Carrie Strangways","SMTP","Mailbox"
"cathy.moretto@realstar.ca","Cathy Moretto","SMTP","Mailbox"
"cedarpoint@realstar.ca","Cedarpoint Apartments","SMTP","Mailbox"
"cedarwoodstower@realstar.ca","Cedarwoods Tower","SMTP","Mailbox"
"charlotte.amar-ching@realstarhospitality.com","Charlotte Amar-Ching","SMTP","Mailbox"
"chelsea.braga@realstar.ca","Chelsea Braga","SMTP","Mailbox"
"ChequeSignatory@realstar.ca","Cheques Signatory","SMTP","PublicDL"
"cherrie.javellana@realstar.ca","Cherrie Javellana","SMTP","Mailbox"
