EmailAddress,Name,RoutingType,MailboxType
"Centralplanningnewhire@canadacartage.com",",Centralplanningnewhire","SMTP","PublicDL"
"0ttterm@CCS.CCD.LOCAL","0ttterm@canadacartage.com","SMTP","PublicDL"
"1965dispatch@lkqcorp.com","1965 Dispatch","SMTP","Contact"
"2022surcharge@canadacartage.com","2022surcharge","SMTP","Mailbox"
"238ICLeads@Canadacartage.com","238ICLeads","SMTP","PublicDL"
"238KitLeads@Canadacartage.com","238KitLeads","SMTP","PublicDL"
"238Leads@Canadacartage.com","238Leads","SMTP","PublicDL"
"238PickLeads@Canadacartage.com","238PickLeads","SMTP","PublicDL"
"238PnPLeads@Canadacartage.com","238PnPLeads","SMTP","PublicDL"
"238WhseLeads@Canadacartage.com","238WhseLeads","SMTP","PublicDL"
"250FG@canadacartage.com","250FG","SMTP","PublicDL"
"250FGWatchdog@canadacartage.com","250FGWatchdog","SMTP","PublicDL"
"270.hub@loomis-express.com","270 Hub","SMTP","Contact"
"288WestECInbound@canadacartage.com","288WestECInbound","SMTP","PublicDL"
"3147904786@myairmail.com","3147904786","SMTP","Contact"
"320.Supervisors@loomis-express.com","320.Supervisors","SMTP","Contact"
"329.Supervisors@loomis-express.com","329.Supervisors","SMTP","Contact"
"47Gomez@directrans.com","47 Gomez","SMTP","PublicDL"
"47brandbrampton@directdistribution.ca","47brandbrampton@directdistribution.ca","SMTP","PublicDL"
"47Brand-CSR-BMP@CCS.CCD.LOCAL","47Brand-CSR-BMP","SMTP","PublicDL"
"4DX@Canadacartage.com","4DX","SMTP","Mailbox"
"Fax5196812297@CCS.CCD.LOCAL","5196812297","SMTP","PublicDL"
"Fax5196812308@CCS.CCD.LOCAL","5196812308","SMTP","PublicDL"
"fax5199530350@CCS.CCD.LOCAL","5199530350","SMTP","PublicDL"
"fax5199530359@CCS.CCD.LOCAL","5199530359","SMTP","PublicDL"
"55Rothwell@CCS.CCD.LOCAL","55 Rothwell","SMTP","PublicDL"
"92Higgens@CCS.CCD.LOCAL","92 Higgens","SMTP","PublicDL"
"amuhammad@cokecanada.com","A Muhammad","SMTP","Contact"
"a.grieve@logistic.ca","a.grieve@logistic.ca","SMTP","Contact"
"A13PLRequest_@canadacartage.com","A13PLRequest","SMTP","Mailbox"
"Aamir_Shaikh@canadacartage.com","Aamir Shaikh","SMTP","Mailbox"
"Aaron_Norton@canadacartage.com","Aaron Norton","SMTP","Mailbox"
"Aasim_Rana@canadacartage.com","Aasim Rana","SMTP","Mailbox"
"ABelkissari@canadacartage.com","Abdelaziz Belkissari","SMTP","Mailbox"
"AbAbdirahman@Canadacartage.com","Abdifatah Abdirahman","SMTP","Mailbox"
"ARahman@canadacartage.com","Abdul Rahman","SMTP","Mailbox"
"Abdul_Shoderu@canadacartage.com","Abdul Shoderu","SMTP","Mailbox"
"Afareedy@canadacartage.com","Abdullah Fareedy","SMTP","Mailbox"
"Abdullahi_Abdirahman@canadacartage.com","Abdullahi Abdirahman","SMTP","Mailbox"
"AJudieh@canadacartage.com","Abed Judieh","SMTP","Mailbox"
"awalia@canadacartage.com","Abhay Walia","SMTP","Mailbox"
"Abhijeet_Heer@ccsdrivers.ca","Abhijeet Heer","SMTP","Contact"
"AbSingh@canadacartage.com","Abhijeet Singh","SMTP","Mailbox"
"anarula@canadacartage.com","Abhinandan Narula","SMTP","Mailbox"
"AKaushal@canadacartage.com","Abhinav Kaushal","SMTP","Mailbox"
"AAsokumar@canadacartage.com","Abishan Asokumar","SMTP","Mailbox"
"abraham.varghese@loomis-express.com","Abraham Varghese","SMTP","Contact"
"Abubakar_Patel@canadacartage.com","Abubakar Patel","SMTP","Mailbox"
"AccellosWMS@CCD.LOCAL","Accellos WMS","SMTP","PublicFolder"
"accidentmuirs@CCS.CCD.LOCAL","Accident-muirs","SMTP","PublicDL"
"Account_Best_Buy@canadacartage.com","Account Best Buy","SMTP","PublicDL"
"Account_Dollar_Tree@canadacartage.com","Account Dollar Tree","SMTP","PublicDL"
"Account_Igloo@canadacartage.com","Account Igloo","SMTP","PublicDL"
"account_jeldwen@canadacartage.com","Account Jeldwen","SMTP","PublicDL"
"Account_Metrie@canadacartage.com","Account Metrie","SMTP","PublicDL"
"Account_FBN@canadacartage.com","Account_FBN@canadacartage.com","SMTP","PublicDL"
"Account_Hardwoods@canadacartage.com","Account_Hardwoods","SMTP","PublicDL"
"Account_Home_Depot@CCS.CCD.LOCAL","Account_Home_Depot@canadacartage.com","SMTP","PublicDL"
"Account_HomeDepot@canadacartage.com","Account_HomeDepot@canadacartage.com","SMTP","PublicDL"
"account_samuel@canadacartage.com","account_samuel","SMTP","PublicDL"
"AccountingDept@directrans.com","Accounting Dept","SMTP","PublicDL"
"Accounting_East@canadacartage.com","Accounting East","SMTP","Mailbox"
"accounting@directdistribution.ca","Accounting-DDC","SMTP","PublicDL"
"Accounts_Payable@canadacartage.com","Accounts Payable","SMTP","Mailbox"
"Accountsmuirs@CCS.CCD.LOCAL","Accounts-Muirs","SMTP","PublicDL"
"AccountsReceivable@canadacartage.com","AccountsReceivable","SMTP","Mailbox"
"Adam.Cotumaccio@chocolateinn.net","Adam Cotumaccio","SMTP","Contact"
"Adam_Liddle@canadacartage.com","Adam Liddle","SMTP","Mailbox"
"Adam_Rossi@canadacartage.com","Adam Rossi","SMTP","Mailbox"
"AdKhan@canadacartage.com","Adeel Khan","SMTP","Mailbox"
"AAkeju@canadacartage.com","Adekunle Akeju","SMTP","Mailbox"
"Adele_Baril@canadacartage.com","Adele Baril","SMTP","Mailbox"
"adeleon@qandrcanada.com","adeleon","SMTP","Contact"
"AAdebanjo@canadacartage.com","Ademide Adebanjo","SMTP","Mailbox"
"AMosuro@canadacartage.com","Adeyemi Mosuro","SMTP","Mailbox"
"AKhani@canadacartage.com","Adil Khani","SMTP","Mailbox"
"admin18@canadacartage.com","admin18","SMTP","Mailbox"
"adminDDC39@directrans.com","adminDDC39","SMTP","PublicDL"
"Adnan_Shah@canadacartage.com","Adnan Shah","SMTP","Mailbox"
"Adrian_Dalgleish@canadacartage.com","Adrian Dalgleish","SMTP","Mailbox"
"Adrian_Gallarde@canadacartage.com","Adrian Gallarde","SMTP","Mailbox"
"Adriana_Cardenas@canadacartage.com","Adriana Cardenas","SMTP","Mailbox"
"aedwards@driveproducts.com","aedwards@driveproducts.com","SMTP","Contact"
"ADSantos@canadacartage.com","Aercio Dornelas Santos","SMTP","Mailbox"
"ASubrattie@canadacartage.com","Aftab Subrattie","SMTP","Mailbox"
"afterhours@speedeetransport.com","afterhours@speedeetransport.com","SMTP","Contact"
"agency_distribution_list@canadacartage.com","Agency Distribution List","SMTP","PublicDL"
"AgentHelpDTH@canadacartage.com","AgentHelpDTH","SMTP","PublicDL"
"alaselva@canadacartage.com","Aggie LaSelva","SMTP","Mailbox"
"agillis@petvalu.com","AGIllis","SMTP","Contact"
"Agnes_Szymanski@canadacartage.com","Agnes Szymanska","SMTP","Mailbox"
"AHarvey@pactiv.com","AHarvey@pactiv.com","SMTP","Contact"
"Ahmad_Kachou@ccsdrivers.ca","Ahmad Kachou","SMTP","Contact"
"amajor@coca-cola.com","Ahmed Major","SMTP","Contact"
"ARabie@canadacartage.com","Ahmed Rabie","SMTP","Mailbox"
"Ahsan_Syed@canadacartage.com","Ahsan Syed","SMTP","Mailbox"
"AArulrajah@canadacartage.com","Aileen Arulrajah","SMTP","Mailbox"
"aimeelin@logisticsalliance.com","aimeelin","SMTP","Contact"
"aOpeyemiOyedeji@canadacartage.com","Aina Opeyemi-Oyedeji","SMTP","Mailbox"
"Ainsley_Robson@canadacartage.com","Ainsley Robson","SMTP","Mailbox"
