EmailAddress,Name,RoutingType,MailboxType
"andrew.gies@ckpeng.com","Andrew J. Gies","SMTP","Mailbox"
"andrew.partridge@ckpeng.com","Andrew J. Partridge","SMTP","Mailbox"
"andy.lo@ckpeng.com","Andy Lo","SMTP","Mailbox"
"angela.grafilo@ckpeng.com","Angela C. Grafilo","SMTP","Mailbox"
"anna.lim@ckpeng.com","Anna Y. Lim","SMTP","Mailbox"
"Bart.Flisak@ckpeng.com","Bart Flisak","SMTP","Mailbox"
"Beau.Maryniuk@ckpeng.com","Beau P. Maryniuk","SMTP","Mailbox"
"belinda.parson@ckpeng.com","Belinda R. Parsons","SMTP","Mailbox"
"blair.holmes@ckpeng.com","Blair D. Holmes","SMTP","Mailbox"
"brenda.michel@ckpeng.com","Brenda J. Michel","SMTP","Mailbox"
"brennan.fatteicher@ckpeng.com","Brennan D. Fatteicher","SMTP","Mailbox"
"brennan.sperl@ckpeng.com","Brennan J. Sperl","SMTP","Mailbox"
"brian.fisher@ckpeng.com","Brian K. Fisher","SMTP","Mailbox"
"brock.cornelsen@ckpeng.com","Brock C. Cornelsen","SMTP","Mailbox"
"cregier@i-designs.ca","Cameron M. Regier","SMTP","Mailbox"
"casey.wilson@ckpeng.com","Casey J. Wilson","SMTP","Mailbox"
"charlene.moranion@ckpeng.com","Charlene J. Moranion","SMTP","Mailbox"
"cheryl.lassel@ckpeng.com","Cheryl Lassel","SMTP","Mailbox"
"chris.richter@ckpeng.com","Chris M. Richter","SMTP","Mailbox"
"ckp@ckpeng.com","CKP","SMTP","Mailbox"
"claudio.grabau@ckpeng.com","Claudio F. Grabau","SMTP","Mailbox"
"daly.penner@ckpeng.com","Daly A. Penner","SMTP","Mailbox"
"daniel.mulaire@ckpeng.com","Daniel N. Mulaire","SMTP","Mailbox"
"dayna.kroeker@ckpeng.com","Dayna N. Kroeker","SMTP","Mailbox"
"derek.mizak@ckpeng.com","Derek J. Mizak","SMTP","Mailbox"
"emma.buisse@ckpeng.com","Emma R. Buisse","SMTP","Mailbox"
"garreth.price@ckpeng.com","Garreth D. Price","SMTP","Mailbox"
"george.harrison@ckpeng.com","George J. Harrison","SMTP","Mailbox"
"george.tsolis@ckpeng.com","George P. Tsolis","SMTP","Mailbox"
"gord.gunnlaugson@ckpeng.com","Gord A. Gunnlaugson","SMTP","Mailbox"
"graham.horsburgh@ckpeng.com","Graham R. Horsburgh","SMTP","Mailbox"
"grant.walkin@ckpeng.com","Grant W. Walkin","SMTP","Mailbox"
"greg.yakubovich@ckpeng.com","Greg Yakubovich","SMTP","Mailbox"
"haney.louka@ckpeng.com","Haney J. Louka","SMTP","Mailbox"
"heather.stefaniuk@ckpeng.com","Heather L. Stefaniuk","SMTP","Mailbox"
"heather.horrocks@ckpeng.com","Heather M. Horrocks","SMTP","Mailbox"
"iouri.minenkov@ckpeng.com","Iouri Minenkov","SMTP","Mailbox"
"jared.lloyd@ckpeng.com","Jared A. Lloyd","SMTP","Mailbox"
"jason.peters@ckpeng.com","Jason L. Peters","SMTP","Mailbox"
"jay.harasymchuk@ckpeng.com","Jay S. Harasymchuk","SMTP","Mailbox"
"jean.sawatzky@ckpeng.com","Jean L. Sawatzky","SMTP","Mailbox"
"jeff.rusnak@ckpeng.com","Jeff S. Rusnak","SMTP","Mailbox"
"jadams@i-designs.ca","Jenny M. Adams","SMTP","Mailbox"
"jillian.brosas@ckpeng.com","Jillian M. Brosas","SMTP","Mailbox"
"john.wells@ckpeng.com","John A. Wells","SMTP","Mailbox"
"john.nicolas@ckpeng.com","John Nicolas","SMTP","Mailbox"
"jordan.carrette@ckpeng.com","Jordan K. Carrette","SMTP","Mailbox"
"jkoerner@i-designs.ca","Jordan R. Koerner","SMTP","Mailbox"
"jordan.mansky@ckpeng.com","Jordan R. Mansky","SMTP","Mailbox"
"josee.remillard@ckpeng.com","Josee A. Remillard","SMTP","Mailbox"
"joshua.lund@ckpeng.com","Joshua D. Lund","SMTP","Mailbox"
"kathleen.tiede@ckpeng.com","Kathleen M. Tiede","SMTP","Mailbox"
"kathy.pratt@ckpeng.com","Kathy J. Pratt","SMTP","Mailbox"
"kayla.atwood@ckpeng.com","Kayla M. Atwood","SMTP","Mailbox"
"kelly.winder@ckpeng.com","Kelly D. Winder","SMTP","Mailbox"
"kristin.kay@ckpeng.com","Kristin M. Kay","SMTP","Mailbox"
"kurt.toupin@ckpeng.com","Kurt G. Toupin","SMTP","Mailbox"
"kyle.menz@ckpeng.com","Kyle J. Menz","SMTP","Mailbox"
"kyle.denis@ckpeng.com","Kyle R. Denis","SMTP","Mailbox"
"leah.tan@ckpeng.com","Leah X. Tan","SMTP","Mailbox"
"linda.kost@ckpeng.com","Linda M. Kost","SMTP","Mailbox"
"lindsay.robinson@ckpeng.com","Lindsay E. Robinson","SMTP","Mailbox"
"luc.langevin@ckpeng.com","Luc Langevin","SMTP","Mailbox"
"madison.kuby@ckpeng.com","Madison L. Macpherson","SMTP","Mailbox"
"marc.desjardins@ckpeng.com","Marc G. Desjardins","SMTP","Mailbox"
"massi.shahi@ckpeng.com","Massi A. Shahi","SMTP","Mailbox"
"mfroese@i-designs.ca","Matthew A. Froese","SMTP","Mailbox"
"matthew.porter@ckpeng.com","Matthew P. Porter","SMTP","Mailbox"
"matthew.brotherston@ckpeng.com","Matthew R. Brotherston","SMTP","Mailbox"
"matthew.snyder@ckpeng.com","Matthew R. Snyder","SMTP","Mailbox"
"matthew.scherger@ckpeng.com","Matthew S. Scherger","SMTP","Mailbox"
"megan.harasymchuk@ckpeng.com","Megan A. Harasymchuk","SMTP","Mailbox"
"melissa.nicolson@ckpeng.com","Melissa P. Nicolson","SMTP","Mailbox"
"michael.shaw@ckpeng.com","Michael Shaw","SMTP","Mailbox"
"Myles.K@ckpeng.com","Myles J. Kroeker","SMTP","Mailbox"
"neil.penner@ckpeng.com","Neil A. Penner","SMTP","Mailbox"
"Nikolas.K@ckpeng.com","Nikolas Kyriakopoulos","SMTP","Mailbox"
"noah.moscovitch@ckpeng.com","Noah R. Moscovitch","SMTP","Mailbox"
"paige.mcdermid@ckpeng.com","Paige E. McDermid","SMTP","Mailbox"
"patrick.gloux@ckpeng.com","Patrick P. Gloux","SMTP","Mailbox"
"Paul.W@ckpeng.com","Paul A. Werden","SMTP","Mailbox"
"paulo.guzzi@ckpeng.com","Paulo D. Guzzi","SMTP","Mailbox"
"payam.nabipay@ckpeng.com","Payam Nabipay","SMTP","Mailbox"
"phil.dompierre@ckpeng.com","Phil N. Dompierre","SMTP","Mailbox"
"richard.lobban@ckpeng.com","Richard D. Lobban","SMTP","Mailbox"
"rob.stolearcius@ckpeng.com","Rob L. Stolearcius","SMTP","Mailbox"
"roberto.contreras@ckpeng.com","Roberto Contretas","SMTP","Mailbox"
"ryan.morphy@ckpeng.com","Ryan D. Morphy","SMTP","Mailbox"
"ryan.brosas@ckpeng.com","Ryan L. Brosas","SMTP","Mailbox"
"ryleigh.martin@ckpeng.com","Ryleigh J. Martin","SMTP","Mailbox"
"sandee.cabigting@ckpeng.com","Sandee M. Cabigting","SMTP","Mailbox"
"sarah.pratt@ckpeng.com","Sarah M. Pratt","SMTP","Mailbox"
"sarah.boila@ckpeng.com","Sarah N. Boila","SMTP","Mailbox"
"shawn.siddall@ckpeng.com","Shawn A. Siddall","SMTP","Mailbox"
"stephane.chappellaz@ckpeng.com","Stephane H. Chappellaz","SMTP","Mailbox"
"stephanie.zubriski@ckpeng.com","Stephanie E. Zubriski","SMTP","Mailbox"
"Steve.Bonneteau@ckpeng.com","Steve A. Bonneteau","SMTP","Mailbox"
"steve.bervanakis@ckpeng.com","Steve Bervanakis","SMTP","Mailbox"
"steven.pham@ckpeng.com","Steven Pham","SMTP","Mailbox"
"steven.wu@ckpeng.com","Steven W. Wu","SMTP","Mailbox"
