EmailAddress,Name,RoutingType,MailboxType
"accounting@graceshipman.gr","Accounting Grace","SMTP","Mailbox"
"AccountingGroup@ioniaman.gr","Accounting Group","SMTP","PublicDL"
"accounting@ioniaman.gr","Accounting Ionia","SMTP","Mailbox"
"crew.ahernandez@ioniaman.gr","Aisea Hernandez","SMTP","Mailbox"
"account.diavolitsis@ioniaman.gr","Alexandros Diavolitsis","SMTP","Mailbox"
"it.goulielmos@ioniaman.gr","Alexandros Goulielmos","SMTP","Mailbox"
"ops.moraitou@ioniaman.gr","Angeliki Moraitou","SMTP","Mailbox"
"ops.perivolary@ioniaman.gr","Anna Perivolary","SMTP","Mailbox"
"ops.savvas@ioniaman.gr","Athanasios Savvas","SMTP","Mailbox"
"crew.vitalis@ioniaman.gr","Athanasios Vitalis","SMTP","Mailbox"
"hr.lagouras@ioniaman.gr","Baggelis Lagouras","SMTP","Mailbox"
"charter@graceshipman.gr","Charter Grace","SMTP","Mailbox"
"charter@ioniaman.gr","Charter Ionia","SMTP","Mailbox"
"CharteringGroup@ioniaman.gr","Chartering Group","SMTP","PublicDL"
"charts@graceshipman.gr","Charts Grace Management","SMTP","Mailbox"
"charts@ioniaman.gr","Charts Ionia Management","SMTP","Mailbox"
"tech.gaviotou@ioniaman.gr","Christina Gaviotou","SMTP","Mailbox"
"tech.diagomas@ioniaman.gr","Christos Diagomas","SMTP","Mailbox"
"ops.kavousanos@ioniaman.gr","Christos Kavousanos","SMTP","Mailbox"
"ops.maggiras@ioniaman.gr","Christos Maggiras","SMTP","Mailbox"
"coe@ioniaman.gr","coe coe","SMTP","Mailbox"
"conferenceroom@ioniaman.gr","Conference Room","SMTP","Mailbox"
"crew@graceshipman.gr","Crew Grace","SMTP","Mailbox"
"crew@ioniaman.gr","Crew Ionia","SMTP","Mailbox"
"CrewingGroup@ioniaman.gr","Crewing Group","SMTP","PublicDL"
"crisis@graceshipman.gr","Crisis Grace","SMTP","Mailbox"
"CrisisGroup@ioniaman.gr","Crisis Group","SMTP","PublicDL"
"crisis@ioniaman.gr","Crisis Ionia","SMTP","Mailbox"
"crisisroom@ioniaman.gr","Crisis Room","SMTP","Mailbox"
"cvs.crewdept@ioniaman.gr","CVS","SMTP","Mailbox"
"DeepblueIn@ionia.gr","Deepblue In","SMTP","PublicFolder"
"DeepblueOut@ionia.gr","Deepblue Out","SMTP","PublicFolder"
"dev@ioniaman.gr","dev","SMTP","Mailbox"
"it.developer@ioniaman.gr","Developer","SMTP","Mailbox"
"it.mitropoulos@ioniaman.gr","Dionisis Mitropoulos","SMTP","Mailbox"
"ecdis@ioniaman.gr","ecdis","SMTP","Mailbox"
"kottaridi@ioniaman.gr","Effi Kotaridi","SMTP","Mailbox"
"ops.paulakou@ioniaman.gr","Eirinh Paulakou","SMTP","Mailbox"
"tech.mousouraki@ioniaman.gr","Eleni Mousouraki","SMTP","Mailbox"
"panagiotopoulou@ioniaman.gr","Eleni Panagiotopoulou","SMTP","Mailbox"
"tech.papageorgiou@ioniaman.gr","Evangelos Papageorgiou","SMTP","Mailbox"
"pzavliaris@ioniaman.gr","Fillipos Zavliaris","SMTP","Mailbox"
"finance@graceshipman.gr","Finance Grace","SMTP","Mailbox"
"finance@ioniaman.gr","Finance Ionia","SMTP","Mailbox"
"freight@graceshipman.gr","Freight Grace","SMTP","Mailbox"
"freight@ioniaman.gr","Freight Ionia","SMTP","Mailbox"
"qsm.fatnasi@ioniaman.gr","George Fatnasi","SMTP","Mailbox"
"qsm.georgopoulos@ioniaman.gr","George Georgopoulos","SMTP","Mailbox"
"charter.golemis@ioniaman.gr","George Golemis","SMTP","Mailbox"
"account.korovesis@ioniaman.gr","George Korovesis","SMTP","Mailbox"
"account.tillyros@ioniaman.gr","George Tillyros","SMTP","Mailbox"
"qsm.prifti@ioniaman.gr","Georgia Prifti","SMTP","Mailbox"
"Grace_All_In_public@ioniaman.gr","Grace All In","SMTP","PublicFolder"
"HealthMailboxRBVO119@ionia.gr","HealthMailboxRBVO119","SMTP","Mailbox"
"HealthMailboxVUOS88@ionia.gr","HealthMailboxVUOS88","SMTP","Mailbox"
"HRGroup@ioniaman.gr","HR Group","SMTP","PublicDL"
"HRM@ioniaman.gr","HRM","SMTP","Mailbox"
"HRMIoniaIn@ionia.gr","HRM Ionia In","SMTP","PublicFolder"
"HRMIoniaOut@ionia.gr","HRM Ionia Out","SMTP","PublicFolder"
"info@graceshipman.gr","Info Graceship Management","SMTP","Mailbox"
"info@ioniaman.gr","Info Ionia Management","SMTP","Mailbox"
"tech.pella@ioniaman.gr","Ioanna Pella","SMTP","Mailbox"
"tech.damorakis@ioniaman.gr","Ioannis Damorakis","SMTP","Mailbox"
"Ionia_All_In@ioniaman.gr","Ionia All In","SMTP","PublicFolder"
"it@graceshipman.gr","IT Grace","SMTP","Mailbox"
"ITGroup@ioniaman.gr","IT Group","SMTP","PublicDL"
"it@ioniaman.gr","IT Ionia","SMTP","Mailbox"
"itosf@ioniaman.gr","ITOSF","SMTP","Mailbox"
"katthe@ioniaman.gr","Katy Therapioti","SMTP","Mailbox"
"account.kondilakis@ioniaman.gr","Konstantinos Kondilakis","SMTP","Mailbox"
"ops.patsoulis@ioniaman.gr","Konstantinos Patsoulis","SMTP","Mailbox"
"kosthe@ioniaman.gr","Konstantinos Therapiotis","SMTP","Mailbox"
"tech.kostopoulos@ioniaman.gr","Kyrillos Kostopoulos","SMTP","Mailbox"
"account.efstratiou@ioniaman.gr","Lazaros Efstratiou","SMTP","Mailbox"
"legal@graceshipman.gr","Legal Grace","SMTP","Mailbox"
"LegalGroup@ioniaman.gr","Legal Group","SMTP","PublicDL"
"legal@ioniaman.gr","Legal Ionia","SMTP","Mailbox"
"lounge@ioniaman.gr","Lounge Room","SMTP","Mailbox"
"ManagementGroup@ioniaman.gr","Management Group","SMTP","PublicDL"
"ops.moissi@ioniaman.gr","Maria Moissi","SMTP","Mailbox"
"qsm.tsironikou@ioniaman.gr","Maria Tsironikou","SMTP","Mailbox"
"account.konstantinidis@ioniaman.gr","Marios Konstantinidis","SMTP","Mailbox"
"crew.tsiosta@ioniaman.gr","Mary","SMTP","Mailbox"
"medical@ioniaman.gr","medical","SMTP","Mailbox"
"meeting@ioniaman.gr","Meeting Room","SMTP","Mailbox"
"it.gerontidis@ioniaman.gr","Michalis Gerontidis","SMTP","Mailbox"
"miguser@ioniaman.gr","Mig User","SMTP","Mailbox"
"mobile@graceshipman.gr","Mobile","SMTP","Mailbox"
"legal.zanos@ioniaman.gr","Nikolaos Zanos","SMTP","Mailbox"
"it.sarantos@ioniaman.gr","Nikolas Sarantos","SMTP","Mailbox"
"qsm.brouzou@ioniaman.gr","Nikoleta Brouzou","SMTP","Mailbox"
"OperationsGroup@ioniaman.gr","Operations Group","SMTP","PublicDL"
"ops@graceshipman.gr","Ops Grace","SMTP","Mailbox"
"ops@ioniaman.gr","Ops Ionia","SMTP","Mailbox"
"OrfeasDataLogger@ionia.gr","Orfeas DataLogger","SMTP","PublicFolder"
"PFMigrate@ioniaman.gr","PFMigrate","SMTP","PublicFolder"
"PobucaMig001@ioniaman.gr","PobucaMig00","SMTP","PublicFolder"
"qsm@graceshipman.gr","QSM Grace","SMTP","Mailbox"
"QSMGroup@ioniaman.gr","QSM Group","SMTP","PublicDL"
"qsm@ioniaman.gr","QSM Ionia","SMTP","Mailbox"
