EmailAddress,Name,RoutingType,MailboxType
"Administrator@serinth.gr","Administrator","SMTP","Mailbox"
"agioni@serinth.gr","Anastasia Gioni","SMTP","Mailbox"
"amadonanakis@serinth.gr","Andreas Madonanakis","SMTP","Mailbox"
"aroumelioti@serinth.gr","Anna Roumelioti","SMTP","Mailbox"
"annatankoforward@serinth.gr","annatankoforward","SMTP","PublicDL"
"aboutetsiou@serinth.gr","Anthoula Boutetsiou","SMTP","Mailbox"
"adellas@serinth.gr","Antonis Dellas","SMTP","Mailbox"
"aroumeliotiFW@serinth.gr","aroumeliotiFW","SMTP","PublicDL"
"avarvarigou@serinth.gr","Athina Varvarigou","SMTP","Mailbox"
"xseftelis@serinth.gr","Christodoulos Seftelis","SMTP","Mailbox"
"clioIMN2312@serinth.gr","Clio Car IMN2312","SMTP","Mailbox"
"clioIMN2313@serinth.gr","Clio Car IMN2313","SMTP","Mailbox"
"commercial@serinth.gr","Commercial Serinth","SMTP","Mailbox"
"CRMMail@serinth.gr","CRMMail","SMTP","Mailbox"
"dfasoula@serinth.gr","Danai Fasoula","SMTP","Mailbox"
"dataplex@serinth.gr","dataplex","SMTP","Mailbox"
"dbokiFW@serinth.gr","dbokiFW","SMTP","PublicDL"
"demo1@serinth.gr","Demo Presentation Room","SMTP","Mailbox"
"dev1@serinth.gr","Dev 1","SMTP","Mailbox"
"diag@serinth.gr","Diagonismoi","SMTP","Mailbox"
"diaggroup@serinth.gr","DiagonismoiGroup","SMTP","PublicDL"
"dmakris@serinth.gr","Dimitris Makris","SMTP","Mailbox"
"dthomadakis@serinth.gr","Dimitris Thomadakis","SMTP","Mailbox"
"dthomopoulos@serinth.gr","Dionisis Thomopoulos","SMTP","Mailbox"
"darnaoutoglou@serinth.gr","Dionysia Arnaoutoglou","SMTP","Mailbox"
"IAFW@serinth.gr","DisabledAccountsFW","SMTP","PublicDL"
"dobloIMT4424@serinth.gr","Doblo IMT4424","SMTP","Mailbox"
"ezygogianni@serinth.gr","Efi Zygogianni","SMTP","Mailbox"
"ezafeiri@serinth.gr","Eirini Zafeiri","SMTP","Mailbox"
"epapanikolaou@serinth.gr","Elena Papanikolaou","SMTP","Mailbox"
"kaprali@serinth.gr","Eleni Kaprali","SMTP","Mailbox"
"epapanikolaouFW@serinth.gr","epapanikolaouFW","SMTP","PublicDL"
"fziogkou@serinth.gr","Fani Ziogkou","SMTP","Mailbox"
"fax@serinth.gr","fax sender","SMTP","Mailbox"
"fkarakassi@serinth.gr","Fotini Karakassi","SMTP","Mailbox"
"georgek@serinth.gr","george kotzampasakis","SMTP","Mailbox"
"gmarkos@serinth.gr","George Markos","SMTP","Mailbox"
"gmitis@serinth.gr","George Mitis","SMTP","Mailbox"
"gnoeas@serinth.gr","George Noeas","SMTP","Mailbox"
"gdelimani@serinth.gr","Georgia Delimani","SMTP","Mailbox"
"gklideri@serinth.gr","Georgia Klideri","SMTP","Mailbox"
"gchamogeorgakis@serinth.gr","Giannis Chamogeorgakis","SMTP","Mailbox"
"jstylianou@serinth.gr","Giannis Stylianou","SMTP","Mailbox"
"Groupsoma@serinth.gr","Group soma","SMTP","PublicDL"
"hgionis@serinth.gr","Haralabos Gionis","SMTP","Mailbox"
"HealthMailboxHWMU190@serinth.gr","HealthMailboxHWMU190","SMTP","Mailbox"
"hrgroup@serinth.gr","hr","SMTP","PublicDL"
"hr_greece@serinth.gr","HR Greece","SMTP","Mailbox"
"hr@serinth.gr","hr serinth","SMTP","Mailbox"
"hrgreece@serinth.gr","hrgreece","SMTP","PublicDL"
"iandreou@serinth.gr","Ilektra Andreou","SMTP","Mailbox"
"ikonstantinou@serinth.gr","Ilias Konstantinou","SMTP","Mailbox"
"infofwr@serinth.gr","info","SMTP","PublicDL"
"info@serinth.gr","Info Serinth","SMTP","Mailbox"
"ichatzopoulou@serinth.gr","Ioanna Chatzopoulou","SMTP","Mailbox"
"iskondra@serinth.gr","Ioanna Skondra","SMTP","Mailbox"
"ivoutsinas@serinth.gr","Ioannis Voutsinas","SMTP","Mailbox"
"it@serinth.gr","it","SMTP","PublicDL"
"johnk@serinth.gr","John Kochliaridis","SMTP","Mailbox"
"jkolios@serinth.gr","John Kolios","SMTP","Mailbox"
"john_chris@serinth.gr","john_chris","SMTP","PublicDL"
"journal@serinth.gr","Journal","SMTP","Mailbox"
"kapraliFW@serinth.gr","kapraliFW","SMTP","PublicDL"
"kbouri@serinth.gr","Katerina Bouri","SMTP","Mailbox"
"kdimaki@serinth.gr","Katerina Dimaki","SMTP","Mailbox"
"ikaterina@serinth.gr","Katerina Islamaj","SMTP","Mailbox"
"kninou@serinth.gr","Katerina Ninou","SMTP","Mailbox"
"kmpafaloukou@serinth.gr","Konstantina Mpafaloukou","SMTP","Mailbox"
"kroussou@serinth.gr","Konstantina Roussou","SMTP","Mailbox"
"kotzampasakisFW@serinth.gr","kotzampasakisFW","SMTP","PublicDL"
"kkoutouzos@serinth.gr","Kyriako Koutouzos","SMTP","Mailbox"
"lvlasakidou@serinth.gr","Labrini Vlasakidou","SMTP","Mailbox"
"MadonanakisFW@serinth.gr","MadonanakisFW","SMTP","PublicDL"
"mrodopoulou@serinth.gr","Magda Rodopoulou","SMTP","Mailbox"
"mchatzopoulos@serinth.gr","Makarios Chatzopoulos","SMTP","Mailbox"
"mbozatzi@serinth.gr","Maria Bozatzi","SMTP","Mailbox"
"mdimitriou@serinth.gr","Maria Dimitriou","SMTP","Mailbox"
"mpelteki@serinth.gr","Maria Pelteki","SMTP","Mailbox"
"mkountouri@serinth.gr","Marianna Kountouri","SMTP","Mailbox"
"mtsimaraki@serinth.gr","Marianna Tsimaraki","SMTP","Mailbox"
"mvasilopoulou@serinth.gr","Marily Vasilopoulou","SMTP","Mailbox"
"marketinggroup@serinth.gr","marketing","SMTP","PublicDL"
"marketing@serinth.gr","Marketing Mailbox","SMTP","Mailbox"
"mavronanosforwards@serinth.gr","mavronanos forwards","SMTP","PublicDL"
"mmousta@serinth.gr","Mirel Mousta","SMTP","Mailbox"
"mitisFW@serinth.gr","mitisFW","SMTP","PublicDL"
"mkountouriFRW@serinth.gr","mkountouriFRW","SMTP","PublicDL"
"napergiFW@serinth.gr","napergiFW","SMTP","PublicDL"
"newsletter@serinth.gr","Newsletter Serinth","SMTP","Mailbox"
"napergi@serinth.gr","Nikol Apergi","SMTP","Mailbox"
"nkouratoras@serinth.gr","Nikolaos Kouratoras","SMTP","Mailbox"
"nglikos@serinth.gr","Nikos Glikos","SMTP","Mailbox"
"npapadopoulos@serinth.gr","Nikos Papadopoulos","SMTP","Mailbox"
"noreply@serinth.gr","No Replay","SMTP","Mailbox"
"NoReplyGroup@serinth.gr","NoReplyGroup","SMTP","PublicDL"
"pkyrkos@serinth.gr","Panagiotis Kyrkos","SMTP","Mailbox"
"papanikolaouFW@serinth.gr","papanikolaouFW","SMTP","PublicDL"
"postmaster@serinth.gr","Postmaster","SMTP","Mailbox"
"sefthymiadiFW@serinth.gr","sefthymiadiFW","SMTP","PublicDL"
"seminars@serinth.gr","seminars","SMTP","Mailbox"
