EmailAddress,Name,RoutingType,MailboxType
"Administrator@focus.gr","Administrator","SMTP","Mailbox"
"a.makri@focus.gr","Ageliki Makri","SMTP","Mailbox"
"antokome@focus.gr","Aglaia Ntokome","SMTP","Mailbox"
"aithousa2@focus.gr","Aithousa2","SMTP","Mailbox"
"ake@focus.gr","ake","SMTP","PublicDL"
"agkoutioudi@focus.gr","Anna Gkoutioudi","SMTP","Mailbox"
"anna@focus.gr","Anna Karadimitriou","SMTP","Mailbox"
"akarlop@focus.gr","Anna Karlopoulou","SMTP","Mailbox"
"annamaria@focus.gr","Annamaria Trikouli","SMTP","Mailbox"
"antigoni@focus.gr","Antigoni Dimopoulou","SMTP","Mailbox"
"ckleisiaris@focus.gr","Chris Kleisiaris","SMTP","Mailbox"
"cioannidou@focus.gr","Christina Ioannidou","SMTP","Mailbox"
"crm_account@focus.gr","CRM_account","SMTP","Mailbox"
"crm_admin@focus.gr","CRM_admin","SMTP","Mailbox"
"Thsalla@focus.gr","Dora Salla","SMTP","Mailbox"
"eantoniadou@focus.gr","Eleftheria Antoniadou","SMTP","Mailbox"
"elena@focus.gr","Elena Koutouvali","SMTP","Mailbox"
"eleni@focus.gr","Eleni Tourlouki","SMTP","Mailbox"
"erp@focus.gr","erp","SMTP","PublicDL"
"eshop@focus.gr","eshop","SMTP","PublicDL"
"evi@focus.gr","Evi Skreti","SMTP","Mailbox"
"evourna@focus.gr","Evi Vourna","SMTP","Mailbox"
"facebook@focus.gr","facebook","SMTP","PublicDL"
"fenia@focus.gr","Fenia Papaspiropoulou","SMTP","Mailbox"
"focus@focus.gr","Focus","SMTP","PublicDL"
"focusbari@focus.gr","Focus Bari","SMTP","PublicDL"
"meeting1@focus.gr","Focus Bari Meeting Room1","SMTP","Mailbox"
"meeting2@focus.gr","Focus Bari Meeting Room2","SMTP","Mailbox"
"meeting3@focus.gr","Focus Bari Meeting Room3","SMTP","Mailbox"
"zoom@focus.gr","Focus Bari Zoom","SMTP","Mailbox"
"design@focus.gr","Focus Designer","SMTP","Mailbox"
"focusonline@focus.gr","Focus Online","SMTP","Mailbox"
"focusonline-int@focus.gr","focusonline-int","SMTP","PublicDL"
"fotini@focus.gr","Fotini Prasidou","SMTP","Mailbox"
"kgeorge@focus.gr","George Kapodistrias","SMTP","Mailbox"
"pgeorgia@focus.gr","Georgia Papadopoulou","SMTP","Mailbox"
"gianna@focus.gr","Gianna Chalkiopoulou","SMTP","Mailbox"
"g.markolefa@focus.gr","Gianna Markolefa","SMTP","Mailbox"
"hr@focus.gr","hr","SMTP","PublicDL"
"hrfield@focus.gr","hrfield","SMTP","PublicDL"
"in@focus.gr","in","SMTP","PublicDL"
"info@focus.gr","info","SMTP","PublicDL"
"kgaroufalou@focus.gr","Katerina Garoufalou","SMTP","Mailbox"
"k.marouli@focus.gr","Katerina Marouli","SMTP","Mailbox"
"kmoshandreou@focus.gr","Katerina Moshandreou","SMTP","Mailbox"
"lia@focus.gr","Lia Kamineli","SMTP","Mailbox"
"lina@focus.gr","Lina Ampelakia","SMTP","Mailbox"
"list@focus.gr","list","SMTP","PublicDL"
"m.galanou@focus.gr","Maria Galanou","SMTP","Mailbox"
"mariak@focus.gr","Maria Kontou","SMTP","Mailbox"
"kampouris@focus.gr","Panos Kampouris","SMTP","Mailbox"
"portal@focus.gr","portal","SMTP","PublicDL"
"privacy@focus.gr","privacy","SMTP","PublicDL"
"sales@focus.gr","sales","SMTP","PublicDL"
"soula@focus.gr","Soula Karadima","SMTP","Mailbox"
"thefocusowl@focus.gr","thefocusowl","SMTP","PublicDL"
"tdiamantis@focus.gr","Theodosis Diamantis","SMTP","Mailbox"
"trendz@focus.gr","trendz","SMTP","PublicDL"
"twitter@focus.gr","twitter","SMTP","PublicDL"
"tzina@focus.gr","Tzina Triantafilopoulou","SMTP","Mailbox"
"valeria@focus.gr","Valeria Tsamis","SMTP","Mailbox"
"vcharta@focus.gr","Vivi Charta","SMTP","Mailbox"
"v.veli@focus.gr","Vivi Veli","SMTP","Mailbox"
"boula@focus.gr","Voula Mpalla","SMTP","Mailbox"
"xenia@focus.gr","Xenia Kourtoglou","SMTP","Mailbox"
"zpolyzogopoulou@focus.gr","Zoi Polyzogopoulou","SMTP","Mailbox"
