EmailAddress,Name,RoutingType,MailboxType
"Administrator@cosmarco.gr","Administrator","SMTP","Mailbox"
"administrator@webersani.de","Administrator of Webersani.de","SMTP","Mailbox"
"skordos@geniusnet.gr","Alexandros Skordos - Geniusnet","SMTP","Contact"
"COSMARCO@cosmarco.gr","CosmarcoSA","SMTP","PublicDL"
"customerservice@webersani.de","Customer Service Webersani.de","SMTP","Mailbox"
"danai@cosmarco.gr","Danai Kiriakidou","SMTP","Mailbox"
"digital@cosmarco.gr","digital","SMTP","Mailbox"
"dimitris@cosmarco.gr","Dimitris Dakas","SMTP","Mailbox"
"psomadaki@cosmarco.gr","Eleni Psomadaki","SMTP","Mailbox"
"metaxa@cosmarco.gr","Elisavet Metaxa","SMTP","Mailbox"
"eva@cosmarco.gr","Eva Hatzivogiatzi","SMTP","Mailbox"
"evaggelia@cosmarco.gr","Evaggelia Kapioldasi","SMTP","Mailbox"
"Fenia@cosmarco.gr","Fenia Iliadou","SMTP","Mailbox"
"itdept@webersani.de","GeniusNet IT Department","SMTP","Mailbox"
"christopoulos@cosmarco.gr","Giorgos Christopoulos","SMTP","Mailbox"
"pitsos@cosmarco.gr","Giorgos Pitsos","SMTP","Mailbox"
"girls@cosmarco.gr","Girls","SMTP","PublicDL"
"HealthMailboxFYZD106@cosmarco.gr","HealthMailboxFYZD106","SMTP","Mailbox"
"HealthMailboxLQCN123@cosmarco.gr","HealthMailboxLQCN123","SMTP","Mailbox"
"HealthMailboxPGPT96@cosmarco.gr","HealthMailboxPGPT96","SMTP","Mailbox"
"Ilias@cosmarco.gr","Ilias Markou","SMTP","Mailbox"
"info@webersani.de","Info - WEBER SANI GmbH","SMTP","Mailbox"
"info@cosmarco.gr","Info Cosmarco","SMTP","Mailbox"
"katerina@cosmarco.gr","Katerina Mantzorou","SMTP","Mailbox"
"kmarcou@cosmarco.gr","Kostas Markou","SMTP","Mailbox"
"m.legaki@webersani.de","Mary Legaki","SMTP","Mailbox"
"nikos@cosmarco.gr","Nikos Varelas","SMTP","Mailbox"
"Nitsa@cosmarco.gr","Nitsa Markou","SMTP","Mailbox"
"orestis@cosmarco.gr","Orestis","SMTP","Mailbox"
"petros@cosmarco.gr","Petros Markou","SMTP","Mailbox"
"p.markou@webersani.de","Petros Markou","SMTP","Mailbox"
"petros@webber.gr","Petros Markou - Webber","SMTP","Mailbox"
"pParaskeuopoulos@cosmarco.gr","Petros Paraskeuopoulos","SMTP","Mailbox"
"p.varkas@webersani.de","Petros Varkas","SMTP","Mailbox"
"p.varkas@cosmarco.gr","Petros Varkas","SMTP","Mailbox"
"Reception@cosmarco.gr","Reception Cosmarco","SMTP","Mailbox"
"rena@cosmarco.gr","Rena Karagianni","SMTP","Mailbox"
"robinson@cosmarco.gr","Robinson","SMTP","Mailbox"
"s.mistakidis@cosmarco.gr","Sakis Mistakidis","SMTP","Mailbox"
"stergios@cosmarco.gr","Stergios Bardas","SMTP","Mailbox"
"test@webersani.de","test","SMTP","Mailbox"
"amazon@webersani.de","Weber Sani Team (Amazon)","SMTP","Mailbox"
"ebay@webersani.de","Weber Sani Team (eBay)","SMTP","Mailbox"
