EmailAddress,Name,RoutingType,MailboxType
"Accessories@bandfgroup.com","Accessories Sales","SMTP","PublicDL"
"Accounting@bandfgroup.com","Accounting","SMTP","PublicDL"
"Administrator@bandfgroup.com","Administrator","SMTP","Mailbox"
"AdminRetail@bandfgroup.com","AdminRetail","SMTP","PublicDL"
"AAgrimaki@bandfgroup.com","Afroditi Agrimaki","SMTP","Mailbox"
"ARizou@bandfgroup.com","Ageliki Rizou","SMTP","Mailbox"
"ANikolopoulou@bandfgroup.com","Aggeliki Nikolopoulou","SMTP","Mailbox"
"AKaratzoulis@bandfgroup.com","Aggelos Karatzoulis","SMTP","Mailbox"
"ADosis@bandfgroup.com","Alex Dosis","SMTP","Mailbox"
"APaganopoulou@bandfgroup.com","Alexandra Paganopoulou-Loulou","SMTP","Mailbox"
"AKiparissakis@bandfgroup.com","Alexandros Kiparissakis","SMTP","Mailbox"
"APantelakis@bandfgroup.com","Alexandros Pantelakis","SMTP","Mailbox"
"AZarkadoulas@bandfgroup.com","Alexandros Zarkadoulas","SMTP","Mailbox"
"akiriakou@bandfgroup.com","Amalia Kyriakou","SMTP","Mailbox"
"AGiannopoulou@bandfgroup.com","Anastasia Giannopoulou","SMTP","Mailbox"
"Akalaitzi@bandfgroup.com","Anastasia Kalaitzi","SMTP","Mailbox"
"AKartsoli@bandfgroup.com","Anastasia Kartsoli","SMTP","Mailbox"
"apapachristodoulou@bandfgroup.com","Anastasia Papachristodoulou","SMTP","Mailbox"
"AGeorgopoulos@bandfgroup.com","Andreas Georgopoulos","SMTP","Mailbox"
"APerdikaki@bandfgroup.com","Androniki Perdikaki","SMTP","Mailbox"
"AMemi@bandfgroup.com","Anna Memi","SMTP","Mailbox"
"AChondrou@bandfgroup.com","Anna Chondrou","SMTP","Mailbox"
"AGiannisopoulou@bandfgroup.com","Anna Giannisopoulou","SMTP","Mailbox"
"AVoutsina@bandfgroup.com","Anna Voutsina","SMTP","Mailbox"
"AGeorgiadou@bandfgroup.com","Annampela Georgiadou","SMTP","Mailbox"
"AMitrakou@bandfgroup.com","Anthi Mitrakou","SMTP","Mailbox"
"ATsouma@bandfgroup.com","Anthi Tsouma","SMTP","Mailbox"
"AAmpousidou@bandfgroup.com","Antonia Ampousidou","SMTP","Mailbox"
"ASfiri@bandfgroup.com","Antonia Sfiri","SMTP","Mailbox"
"ATsoukala@bandfgroup.com","Antzela Tsoukala","SMTP","Mailbox"
"ANikolaou@bandfgroup.com","Apollonia Nikolaou","SMTP","Mailbox"
"ASarantopoulou@bandfgroup.com","Aspa Sarantopoulou","SMTP","Mailbox"
"AVamvakidis@bandfgroup.com","Athanasios Vamvakidis","SMTP","Mailbox"
"AKaravasili@bandfgroup.com","Athina Karavasili","SMTP","Mailbox"
"AutoMail@bandfgroup.com","Auto eMail","SMTP","Mailbox"
"AutoOrder@bandfgroup.com","Auto Order Group","SMTP","PublicDL"
"invoice@bandfgroup.com","B&F Invoice","SMTP","Mailbox"
"b2b2@bandfgroup.com","B2B Lynne","SMTP","Mailbox"
"b2b@bandfgroup.com","b2b@bsbfashion.com","SMTP","PublicDL"
"backupadmin@bandfgroup.com","backupadmin","SMTP","Mailbox"
"BANDFB1@bandfgroup.com","bandfb1","SMTP","PublicDL"
"BKruszewski@bandfgroup.com","Bogdan Kruszewski","SMTP","Mailbox"
"BPGroup@bandfgroup.com","BPGroup","SMTP","PublicDL"
"AgDimitrios@bandfgroup.com","BSB Ag. Dimitrios","SMTP","Mailbox"
"ierotheos@bandfgroup.com","BSB Ag. Ierotheos","SMTP","Mailbox"
"AG.SOFIAS@bandfgroup.com","BSB AG. SOFIAS","SMTP","Mailbox"
"Agrinio@bandfgroup.com","BSB Agrinio","SMTP","Mailbox"
"Aigaleo@bandfgroup.com","BSB Aigaleo","SMTP","Mailbox"
"Airport@bandfgroup.com","BSB Airport","SMTP","Mailbox"
"Alexandroupoli@bandfgroup.com","BSB Alexandroupoli","SMTP","Mailbox"
"alimos@bandfgroup.com","BSB Alimos","SMTP","Mailbox"
"Amaliada@bandfgroup.com","BSB Amaliada","SMTP","Mailbox"
"Ampelokipoi@bandfgroup.com","BSB Ampelokipoi","SMTP","Mailbox"
"Arachova@bandfgroup.com","BSB Arachova","SMTP","Mailbox"
"Argiroupoli@bandfgroup.com","BSB Argiroupoli","SMTP","Mailbox"
"Argostoli@bandfgroup.com","BSB Argostoli","SMTP","Mailbox"
"Arta@bandfgroup.com","BSB Arta","SMTP","Mailbox"
"Attica@bandfgroup.com","BSB Attica","SMTP","Mailbox"
"AtticaThess@bandfgroup.com","BSB Attica Thess","SMTP","Mailbox"
"BAvenue@bandfgroup.com","BSB Avenue","SMTP","Mailbox"
"BChalandri@bandfgroup.com","BSB BChalandri","SMTP","Mailbox"
"Boblingen@bandfgroup.com","BSB Boblingen","SMTP","Mailbox"
"Chalkida@bandfgroup.com","BSB Chalkida","SMTP","Mailbox"
"Chania@bandfgroup.com","BSB Chania","SMTP","Mailbox"
"Chios@bandfgroup.com","BSB Chios","SMTP","Mailbox"
"BSBContest@bandfgroup.com","BSB Contest","SMTP","Mailbox"
"bsbdesign@bandfgroup.com","BSB Design","SMTP","Mailbox"
"DVR@bandfgroup.com","BSB Dvrs","SMTP","Mailbox"
"Ermou@bandfgroup.com","BSB Ermou","SMTP","Mailbox"
"Evosmos@bandfgroup.com","BSB Evosmos","SMTP","Mailbox"
"FPeiraios@bandfgroup.com","BSB Factory Peiraios","SMTP","Mailbox"
"FErmou@bandfgroup.com","BSB Fokas Ermou","SMTP","Mailbox"
"FMetamorfosi@bandfgroup.com","BSB Fokas Metamorfosi","SMTP","Mailbox"
"FStadiou@bandfgroup.com","BSB Fokas Stadiou","SMTP","Mailbox"
"FTsimiski@bandfgroup.com","BSB Fokas Tsimiski","SMTP","Mailbox"
"BSBFranchise@bandfgroup.com","BSB Franchise","SMTP","PublicDL"
"Frermou@bandfgroup.com","BSB Frermou","SMTP","Mailbox"
"FrLarisa@bandfgroup.com","BSB FrLarisa","SMTP","Mailbox"
"Glifada@bandfgroup.com","BSB Glifada","SMTP","Mailbox"
"gattica@bandfgroup.com","BSB Golden Attica","SMTP","Mailbox"
"Hrakleio@bandfgroup.com","BSB Hrakleio","SMTP","Mailbox"
"Ierapetra@bandfgroup.com","BSB Ierapetra","SMTP","Mailbox"
"Ilion@bandfgroup.com","BSB Ilion","SMTP","Mailbox"
"ioannina@bandfgroup.com","BSB Ioannina","SMTP","Mailbox"
"Kalamata@bandfgroup.com","BSB Kalamata","SMTP","Mailbox"
"Kalithea@bandfgroup.com","BSB Kalithea","SMTP","Mailbox"
"Karditsa@bandfgroup.com","BSB Karditsa","SMTP","Mailbox"
"Kastoria@bandfgroup.com","BSB Kastoria","SMTP","Mailbox"
"Katerini@bandfgroup.com","BSB Katerini","SMTP","Mailbox"
"Kavala@bandfgroup.com","BSB Kavala","SMTP","Mailbox"
"Kerkyra@bandfgroup.com","BSB Kerkyra","SMTP","Mailbox"
"Kifisia@bandfgroup.com","BSB Kifisia","SMTP","Mailbox"
"Komotini@bandfgroup.com","BSB Komotini","SMTP","Mailbox"
"Korinthos@bandfgroup.com","BSB Korinthos","SMTP","Mailbox"
"Korydallos@bandfgroup.com","BSB Korydallos","SMTP","Mailbox"
"Kos@bandfgroup.com","BSB Kos","SMTP","Mailbox"
"Kozani@bandfgroup.com","BSB Kozani","SMTP","Mailbox"
"Lamia@bandfgroup.com","BSB Lamia","SMTP","Mailbox"
"larisa1@bandfgroup.com","BSB Larisa","SMTP","Mailbox"
"bsblivadia@bandfgroup.com","BSB Livadia","SMTP","Mailbox"
