EmailAddress,Name,RoutingType,MailboxType
"basithpulari@gmail.com","Abdul Basith A","SMTP","Contact"
"a.nawaz@almoayedict.com","Abdul Nawaz Muhammed","SMTP","Mailbox"
"abdullah@almoayedict.com","Abdullah Alam","SMTP","Mailbox"
"abhishek@almoayedict.com","Abhishek Khare","SMTP","Mailbox"
"adminteam@almoayedict.com","Admin","SMTP","PublicDL"
"adminassist@ag.com","Admin Assist","SMTP","PublicDL"
"Administrator@almoayedict.com","Administrator","SMTP","Mailbox"
"adnan@almoayedict.com","Adnan Kasim","SMTP","Mailbox"
"afeef@almoayedgroup.com","Afeef Almoayed","SMTP","Mailbox"
"conference@almoayedict.com","AG Conference","SMTP","Mailbox"
"ap@almoayedict.com","AG Payable","SMTP","PublicDL"
"ar@almoayedict.com","AG Receivable","SMTP","PublicDL"
"agsalescrm@almoayedict.com","AG Sales CRM","SMTP","Mailbox"
"agfax@ag.com","AGFax","SMTP","PublicDL"
"ahmed@almoayedict.com","Ahmed Almoayed","SMTP","Mailbox"
"aictbahrain@almoayedict.com","aict bahrain","SMTP","Mailbox"
"aicterp@almoayedict.com","AICT ERP","SMTP","Mailbox"
"ajish@almoayedict.com","Ajish E","SMTP","Mailbox"
"amarbahrain580@gmail.com","Amar Nath Shaw","SMTP","Contact"
"iAminaDarwish@gmail.com","Amina Darwish","SMTP","Contact"
"ammar@almoayedict.com","Ammar Ali","SMTP","Mailbox"
"ananthakumar@almoayedict.com","Ananthakumar Gunasekaran","SMTP","Mailbox"
"androrubenfz@gmail.com","Andro Ruben","SMTP","Contact"
"anees@almoayedict.com","Anees Faisal","SMTP","Mailbox"
"anil@almoayedict.com","Anil Kalwar","SMTP","Mailbox"
"anooptdo@gmail.com","Anoop Mohanan","SMTP","Contact"
"anoop@almoayedict.com","Anoop Radhakrishnan","SMTP","Mailbox"
"antony@almoayedict.com","Antony S. Maria Gnanam","SMTP","Mailbox"
"anupama@almoayedict.com","Anupama Thomas","SMTP","Mailbox"
"anvar@almoayedict.com","Anvar Kallayi","SMTP","Mailbox"
"aravind@almoayedict.com","Aravind Ravindran","SMTP","Mailbox"
"arun@almoayedict.com","Arun Ashok Kumar","SMTP","Mailbox"
"aruncrm@almoayedict.com","Arun CRM","SMTP","Mailbox"
"ashokan@amoayedict.com","Ashokan Madhavan","SMTP","Mailbox"
"ashwin@almoayedict.com","Ashwin Pinto","SMTP","Mailbox"
"asif@almoayedict.com","Asif Hussain","SMTP","Mailbox"
"asrysupport@ag.com","AsrySupport","SMTP","PublicDL"
"atmsupport@ag.com","ATM Support","SMTP","PublicDL"
"awssupport@ag.com","AWS Support","SMTP","PublicDL"
"ayman@almoayedict.com","Ayman Mohammed","SMTP","Mailbox"
"baburali88@hotmail.com","Babur Ali","SMTP","Contact"
"bader@almoayedict.com","Bader","SMTP","Mailbox"
"balaji@almoayedict.com","Balaji Kashinath Sonawane","SMTP","Mailbox"
"bharat@almoayedict.com","Bharat Gandhi","SMTP","Mailbox"
"bharath2904@gmail.com","Bharath K","SMTP","Contact"
"bijesh@almoayedict.com","Bijesh CM.","SMTP","Mailbox"
"bineesh@almoayedict.com","Bineesh Vilson","SMTP","Mailbox"
"binsonjohn@gmail.com","Binson John","SMTP","Contact"
"binu@almoayedict.com","Binu Madathil","SMTP","Mailbox"
"brindha@almoayedict.com","Brindha D","SMTP","Mailbox"
"brine@almoayedict.com","Brine C. Jose","SMTP","Mailbox"
"faisal2484@gmail.com","Burhanuddin Gyasuddin Saiyed","SMTP","Contact"
"chandan@almoayedict.com","Chandan Kumar Singh","SMTP","Mailbox"
"consultants.aict@ag.com","Consultants.aict","SMTP","PublicDL"
"crm@almoayedict.com","CRM AG","SMTP","Mailbox"
"cyriljohn007@gmail.com","Cyril John","SMTP","Contact"
"dananjaya@almoayedict.com","Dananjaya HGT","SMTP","Mailbox"
"dhaneshvenu@gmail.com","Danesh P. Venu","SMTP","Contact"
"darshana@almoayedict.com","Darshana Thakkar","SMTP","Mailbox"
"deepakd@almoayedict.com","Deepak Damodarakurup","SMTP","Mailbox"
"deepak@almoayedict.com","Deepak Kukian","SMTP","Mailbox"
"deepakcrm@almoayedict.com","Deepak Kukian CRM","SMTP","Mailbox"
"deepanshu@almoayedict.com","Deepanshu","SMTP","Mailbox"
"dejendran@gmail.com","Dejendran","SMTP","Contact"
"dejendran@almoayedict.com","Dejendran K","SMTP","Mailbox"
"denzil_ryan@msn.com","Denzil Ayan","SMTP","Contact"
"dijeeshkumar@ag.com","Dijeesh Forward","SMTP","PublicDL"
"dinesan@almoayedict.com","Dinesan","SMTP","Mailbox"
"dyanne@almoayedict.com","Dyanne Mari Salvatierra","SMTP","Mailbox"
"ebrahim.albanna95@gmail.com","Ebrahim Khalil Ebrahim Albanna","SMTP","Contact"
"edwinselvam@outlook.com","Edwin Selvam","SMTP","Contact"
"exch1t1@almoayedict.com","EXCH1T1","SMTP","Mailbox"
"exchadmin@almoayedict.com","Exchange Admin","SMTP","Mailbox"
"lenovohelpdesk@fakhroo.net","Fakhroo Lenovo Helpdesk","SMTP","Contact"
"farzana@almoayedict.com","Farzana Begum","SMTP","Mailbox"
"finance@almoayedict.com","Finance","SMTP","PublicDL"
"gajendra@almoayedict.com","Gajendra Rao","SMTP","Mailbox"
"gireesh@almoayedict.com","Gireesh Varaprath","SMTP","Mailbox"
"glavin@almoayedict.com","Glavin Deepak Pinto","SMTP","Mailbox"
"gregory@almoayedict.com","Gregory Masunda","SMTP","Mailbox"
"gyancrm@almoayedict.com","Gyan CRM","SMTP","Mailbox"
"gyaneshwar@almoayedict.com","Gyaneshwar Mishra","SMTP","Mailbox"
"harnold@almoayedict.com","Harnold Fernandes","SMTP","Mailbox"
"harris@almoayedict.com","Harris P H","SMTP","Mailbox"
"HealthMailboxIMXT169@ag.com","HealthMailboxIMXT169","SMTP","Mailbox"
"hina.jabeen@gmail.com","Hina Jabeen","SMTP","Contact"
"hr@almoayedict.com","HR","SMTP","PublicDL"
"ictsolutions@ag.com","ICT Solutions","SMTP","PublicDL"
"info@almoayedict.com","INFO","SMTP","PublicDL"
"Irshad.Ahmad@tav.aero","Irshad Ahmad","SMTP","Contact"
"ituser@almoayedict.com","IT Test User","SMTP","Mailbox"
"itruletest@ag.com","ITRuleTest","SMTP","PublicDL"
"itsupport@ag.com","ITSupport","SMTP","PublicDL"
"jacobeloor@gmail.com","Jacob Saju","SMTP","Contact"
"haijesna@gmail.com","Jesna N H","SMTP","Contact"
"jijoy@almoayedict.com","Jijoy Babu","SMTP","Mailbox"
"jinoy@almoayedict.com","Jinoy v. Varghese","SMTP","Mailbox"
"jiyas@almoayedict.com","Jiyas Sainudheen","SMTP","Mailbox"
"jobs@almoayedict.com","Jobs","SMTP","PublicDL"
"john@almoayedict.com","John Reggie Olayon Baja","SMTP","Mailbox"
