EmailAddress,Name,RoutingType,MailboxType
"a.jamsheer@estrad.com","A.Rahman Mohammed Saif Jamsheer","SMTP","Contact"
"abuse@etisalcom.com","abuse","SMTP","PublicDL"
"adeelomar@etisalcom.com","Adeel Omar Mirza","SMTP","Mailbox"
"aldoseri.adel@gmail.com","Adel A.Rahman Isa Aldoseri","SMTP","Contact"
"admin@etisalcom.com","Admin","SMTP","Mailbox"
"admin365@etisalcom.com","admin365","SMTP","PublicDL"
"Administrator@etisalcom.com","Administrator","SMTP","Mailbox"
"adnan@etisalcom.com","Adnan Ahmad Ghulam","SMTP","Mailbox"
"afroze@etisalcom.com","Afroze Raheel","SMTP","Mailbox"
"ahmed@etisalcom.com","Ahmed Zakarea Ahmed","SMTP","Mailbox"
"aj.56052@etisalcom.com","AJ","SMTP","Mailbox"
"ali.iqbal@etisalcom.com","Ali Iqbal","SMTP","Mailbox"
"ali.mohamed@etisalcom.com","Ali Mohamed Yusuf","SMTP","Mailbox"
"amal@etisalcom.com","Amal Khalid","SMTP","Mailbox"
"awspartner@etisalcom.com","Amazon Partner","SMTP","Mailbox"
"aws@etisalcom.com","Amazon Web Services","SMTP","Mailbox"
"anesa@etisalcom.com","Anesa Matter","SMTP","Mailbox"
"attendance@etisalcom.com","Attendance","SMTP","Mailbox"
"awsalert@etisalcom.com","AWS Alert","SMTP","PublicDL"
"aysha@etisalcom.com","Aysha Ramadhan Ali Khalaf Sufar","SMTP","Mailbox"
"azure@etisalcom.com","Azure Web Service","SMTP","Mailbox"
"badreya@etisalcom.com","Badreya Khalil Ebrahim","SMTP","Mailbox"
"bhetisalcom@etisalcom.com","Bahrain Etisalcom","SMTP","Mailbox"
"bhtv@etisalcom.com","bhtv","SMTP","PublicDL"
"billing_alerts@etisalcom.com","billing_alerts","SMTP","PublicDL"
"BILLING_DEV@etisalcom.com","BILLING_DEV","SMTP","PublicDL"
"billingsupport@etisalcom.com","Billing_Support","SMTP","PublicDL"
"nbr@etisalcom.com","BITS_AWS_ETS","SMTP","PublicDL"
"bix@etisalcom.com","BIX","SMTP","PublicDL"
"Biz_Dev_ICT@etisalcom.com","Biz Dev ICT","SMTP","PublicDL"
"bnet.wbs@etisalcom.com","Bnet WBS Orders","SMTP","PublicDL"
"bnet.wdc@etisalcom.com","Bnet WDC Order","SMTP","PublicDL"
"bwtc_customers@etisalcom.com","btwc_customers","SMTP","PublicDL"
"BWTCGroup@etisalcom.com","BWTC Group","SMTP","PublicDL"
"carrierbilling@etisalcom.com","carrierbilling","SMTP","PublicDL"
"cc@etisalcom.com","CC","SMTP","PublicDL"
"cdr-monitoring@etisalcom.com","CDR-Monitoring","SMTP","PublicDL"
"certificate@etisalcom.com","Certificate","SMTP","Mailbox"
"eta.support@etisalcom.com","Cloud Attendance","SMTP","PublicDL"
"cloudpabx@etisalcom.com","cloudpabx","SMTP","PublicDL"
"collection@etisalcom.com","collection","SMTP","PublicDL"
"CommercialGroup@etisalcom.com","Commercial Group","SMTP","PublicDL"
"cr@etisalcom.com","Conference Room","SMTP","Mailbox"
"corporate@etisalcom.com","Corporate","SMTP","PublicDL"
"dagtest@etisalcom.com","dagtest","SMTP","Mailbox"
"dana@etisalcom.com","Dana Conference","SMTP","Mailbox"
"danaroomapp@etisalcom.com","Dana RoomApp","SMTP","Mailbox"
"danacard@etisalcom.com","danacard","SMTP","PublicDL"
"DiscoverySearchMailbox{D919BA05-46A6-415f-80AD-7E09334BB852}@etisalcom.com","DiscoverySearchMailbox {D919BA05-46A6-415f-80AD-7E09334BB852}","SMTP","Mailbox"
"dispute@etisalcom.com","Dispute_billing","SMTP","PublicDL"
"disputes@etisalcom.com","Disputes","SMTP","PublicDL"
"dh@etisalcom.com","Domain Hosting","SMTP","PublicDL"
"ecsp2@etisalcom.com","ecsp 2","SMTP","Mailbox"
"ecsp_group@etisalcom.com","ecsp_group","SMTP","PublicDL"
"edu.internet@etisalcom.com","Edu Internet","SMTP","PublicDL"
"efax@etisalcom.com","efax","SMTP","PublicDL"
"egnet@etisalcom.com","egnet","SMTP","PublicDL"
"eman@etisalcom.com","Eman Almahmeed","SMTP","Mailbox"
"energisers@etisalcom.com","energisers","SMTP","PublicDL"
"etsaws@etisalcom.com","Etisalcom AWS","SMTP","PublicDL"
"etsawsc@etisalcom.com","Etisalcom AWS Customer","SMTP","PublicDL"
"etsbkp@etisalcom.com","Etisalcom Backup","SMTP","Mailbox"
"bizcare@etisalcom.com","Etisalcom Business Care","SMTP","Mailbox"
"apartner@etisalcom.com","Etisalcom Consultancy Partner","SMTP","Mailbox"
"ecsp@etisalcom.com","Etisalcom Customer Support Partner","SMTP","Mailbox"
"noc@etisalcom.com","Etisalcom NOC","SMTP","Mailbox"
"offers@etisalcom.com","Etisalcom Offers","SMTP","PublicDL"
"epabx@etisalcom.com","Etisalcom Pabx","SMTP","Mailbox"
"accounts@etisalcom.com","Etisalcom-Accounts","SMTP","Mailbox"
"etisl_group@etisalcom.com","Etisl Group","SMTP","PublicDL"
"etsinfo@etisalcom.com","etsinfo","SMTP","PublicDL"
"ework@etisalcom.com","eWork","SMTP","Mailbox"
"mannan.albastaki@gmail.com","Faeqah Mohammed M.Bastaki","SMTP","Contact"
"f.iqbal@etisalcom.com","Farooq Iqbal","SMTP","Mailbox"
"fax@etisalcom.com","fax","SMTP","Mailbox"
"Forms@etisalcom.com","Forms","SMTP","Mailbox"
"freepabx@etisalcom.com","freepabx","SMTP","Mailbox"
"GDN@etisalcom.com","GDN","SMTP","PublicDL"
"h.rubaie@etisalcom.net","H Rubaie","SMTP","Contact"
"shahid@etisalcom.com","Hafiz Shahid Ali","SMTP","Mailbox"
"h.rubaie@etisalcom.com","Haider A. Alrubaie","SMTP","Mailbox"
"haider@etisalcom.com","Haider Alrubaie","SMTP","Mailbox"
"fakhrohamad@gmail.com","Hamad Mohammed Ali Fakhroo","SMTP","Contact"
"ggbc@batelco.com.bh","Hasan Ali Abdulla Alnusuf","SMTP","Contact"
"hashaam@etisalcom.com","Hashaam Naeem","SMTP","Mailbox"
"helpdesk@etisalcom.com","Help Desk","SMTP","PublicDL"
"hostmaster@etisalcom.com","hostmaster","SMTP","PublicDL"
"hr@etisalcom.com","hr","SMTP","Mailbox"
"hr.manager@etisalcom.com","HR Manager","SMTP","Mailbox"
"hrmanager@etisalcom.com","HRManager","SMTP","PublicDL"
"HS@etisalcom.com","HS","SMTP","PublicDL"
"huma@etisalcom.com","Huma Safdar Ali","SMTP","Mailbox"
"Info@etisalcom.com","Info","SMTP","Mailbox"
"mjamsheer@gmail.com","Inherits Of A.Aziz Mohd Jamsheer","SMTP","Contact"
"Inquiry@etisalcom.com","Inquiry","SMTP","Mailbox"
"azizjanahi53@gmail.com","Janahi Brothers Co.W.L.L","SMTP","Contact"
"junaid_email@etisalcom.com","Junaid_email","SMTP","PublicDL"
"kashif.sattar@etisalcom.com","Kashif Sattar","SMTP","Mailbox"
"k.faisal@etisalcom.com","Khalid Faisal","SMTP","Mailbox"
"koshy@etisalcom.com","Koshy Varughese","SMTP","Mailbox"
