EmailAddress,Name,RoutingType,MailboxType
"aakanksha.malaviya@pacificglobalsolutions.in","Aakanksha Malaviya","SMTP","Mailbox"
"aamir.khan@pacificglobalsolutions.in","Aamir Khan","SMTP","Mailbox"
"aaron.fernandes@pacificglobalsolutions.in","Aaron Fernandes","SMTP","Mailbox"
"abhijit.more@pacificabs.com","Abhijit More","SMTP","Contact"
"aditri.dholakia@pacificglobalsolutions.in","Aditri Dholakia","SMTP","Mailbox"
"AdityaMahabodhi@pacificglobalsolutions.in","Aditya Mahabodhi","SMTP","Mailbox"
"aditya.mhaske@pacificglobalsolutions.in","Aditya Mhaske","SMTP","Mailbox"
"Administrator@pacificglobalsolutions.in","Administrator","SMTP","Mailbox"
"akram.shekh@pacificabs.com","Akram Shekh","SMTP","Contact"
"Akshada.Dhawade@pacificglobalsolutions.in","Akshada Dhawade","SMTP","Mailbox"
"akshay.gaikwad@pacificglobalsolutions.in","Akshay Gaikwad","SMTP","Mailbox"
"alphonsa.chacko@pacificglobalsolutions.in","Alphonsa Chacko","SMTP","Mailbox"
"amaan.siddiqui@pacificglobalsolutions.in","Amaan Siddiqui","SMTP","Mailbox"
"amit.patel@pacificglobalsolutions.in","Amit Patel","SMTP","Mailbox"
"amruta.dahiwalkar@pacificglobalsolutions.in","Amruta Dahiwalkar","SMTP","Mailbox"
"anagha.sadrekar@pacificglobalsolutions.in","Anagha Sadrekar","SMTP","Mailbox"
"analkumar.patel@pacificabs.com","Analkumar Patel","SMTP","Contact"
"anita.mungekar@pacificglobalsolutions.in","Anita Mungekar","SMTP","Mailbox"
"ankita.phansekar@pacificglobalsolutions.in","Ankita Phansekar","SMTP","Mailbox"
"ankush.pal@pacificglobalsolutions.in","Ankush Pal","SMTP","Mailbox"
"anmol.piplani@esgds.io","Anmol Piplani","SMTP","Contact"
"Arunadevi.Nadar@pacificglobalsolutions.in","Arunadevi Nadar","SMTP","Mailbox"
"avani.mandaliya@pacificabs.com","Avani Mandaliya","SMTP","Contact"
"ayesha.chaudhry@pacificglobalsolutions.in","Ayesha Chaudhry","SMTP","Mailbox"
"ayushi.shelat@pacificabs.com","Ayushi Shelat","SMTP","Contact"
"Bhagyashree.Mavle@pacificglobalsolutions.in","Bhagyashree Mavle","SMTP","Mailbox"
"bhavdeep.sureliya@pacificglobalsolutions.in","Bhavdeep Sureliya","SMTP","Mailbox"
"Bhavesh.Gupta@pacificglobalsolutions.in","Bhavesh Gupta","SMTP","Mailbox"
"Bhavika.Patel@pacificglobalsolutions.in","Bhavika Patel","SMTP","Mailbox"
"bhavika.sodah@pacificglobalsolutions.in","Bhavika Sodah","SMTP","Mailbox"
"Bhushan.Dalvi@pacificglobalsolutions.in","Bhushan Dalvi","SMTP","Mailbox"
"brijrajsinh.zala@pacificglobalsolutions.com","Brijsingh Zala","SMTP","Contact"
"ceterusteam@pacificglobalsolutions.in","Ceterus Team","SMTP","PublicDL"
"chaitan.moolya@pacificglobalsolutions.in","Chaitan Moolya","SMTP","Mailbox"
"chaitanya.khatri@pacificabs.com","Chaitanya Khatri","SMTP","Contact"
"chandan.ghadiya@pacificglobalsolutions.com","Chandan Ghadiya","SMTP","Contact"
"chandani.amin@pacificabs.com","Chandani Amin","SMTP","Contact"
"ctleaders@pacificabs.com","CT Leaders","SMTP","Contact"
"darshan.shah@pacificglobalsolutions.in","Darshan Shah","SMTP","Mailbox"
"deep.shah@pacificglobalsolutions.in","Deep Shah","SMTP","Mailbox"
"deepa.keloth@pacificglobalsolutions.in","Deepa Keloth","SMTP","Mailbox"
"deepak.kundlani@pacificabs.com","Deepak Kundlani","SMTP","Contact"
"Deepali.Sontakke@pacificglobalsolutions.in","Deepali Sontakke","SMTP","Mailbox"
"devang.pandya@pacificglobalsolutions.com","Devang Pandya","SMTP","Contact"
"dhara.dobariya@pacificabs.com","Dhara Dobariya","SMTP","Contact"
"dharmesh.dodiya@pacificabs.com","Dharmesh Dodiya","SMTP","Contact"
"dharmesh.panchani@pacificglobalsolutions.in","Dharmesh Panchani","SMTP","Mailbox"
"dhaval.desai@pacificglobalsolutions.in","Dhaval Desai","SMTP","Mailbox"
"dimple.purohit@pacificglobalsolutions.in","Dimple Purohit","SMTP","Mailbox"
"dishant.maru@pacificglobalsolutions.in","Dishant Maru","SMTP","Mailbox"
"divya.kadam@pacificglobalsolutions.in","Divya Kadam","SMTP","Mailbox"
"dwijesh.chotalia@pacificabs.com","Dwijesh Chotalia","SMTP","Contact"
"Elsida.Dsouza@pacificglobalsolutions.in","Elsida Dsouza","SMTP","Mailbox"
"faizan.pathan@pacificabs.com","Faizan Pathan","SMTP","Contact"
"firdosh.shaikh@pacificglobalsolutions.in","Firdosh Shaikh","SMTP","Mailbox"
"fitness@pacificglobalsolutions.in","FITNESS","SMTP","PublicDL"
"fujel.shaikh@pacificabs.com","Fujel Shaikh","SMTP","Contact"
"gaurav.prajapati@pacificglobalsolutions.com","Gaurav Prajapati","SMTP","Contact"
"generic.team@pacificglobalsolutions.in","Generic Team","SMTP","PublicDL"
"hardik.goswami@pacificglobalsolutions.in","Hardik Goswami","SMTP","Mailbox"
"harpreetnaib.singh@pacificglobalsolutions.in","HarpreetNaib Singh","SMTP","Mailbox"
"harsh.singala@pacificabs.com","Harsh Shingala","SMTP","Contact"
"harshit.patel@pacificabs.com","Harshit Patel","SMTP","Contact"
"HealthMailboxDWFO66@pacificglobalsolutions.in","HealthMailboxDWFO66","SMTP","Mailbox"
"heena.panchal@pacificabs.com","Heena Panchal","SMTP","Contact"
"hemant.tiwari@pacificabs.com","Hemant Tiwari","SMTP","Contact"
"himanshi.rawal@pacificabs.com","Himanshi Rawal","SMTP","Contact"
"ict@pacificglobalsolutions.in","ICT","SMTP","Mailbox"
"ishani.jani@pacificabs.com","Ishani Jani","SMTP","Contact"
"itsupport@pacificabs.com","IT Support","SMTP","Contact"
"it.support@pacificabs.com","IT Support1","SMTP","Contact"
"janaki.mehta@pacificabs.com","Janaki Mehta","SMTP","Contact"
"Jaspreet.Kaur@pacificglobalsolutions.in","Jaspreet Kaur","SMTP","Mailbox"
"jatin.kotian@pacificglobalsolutions.in","Jatin Kotian","SMTP","Mailbox"
"jatin.oberoi@pacificglobalsolutions.in","Jatin Oberoi","SMTP","Mailbox"
"Jay.Shah@pacificglobalsolutions.in","Jay Shah","SMTP","Mailbox"
"jaya.waskar@esgds.io","Jaya Waskar","SMTP","Contact"
"Jayesh.Kachhadia@pacificglobalsolutions.in","Jayesh Kachhadia","SMTP","Mailbox"
"jimit.mehta@pacificglobalsolutions.in","Jimit Mehta","SMTP","Mailbox"
"jinal.parmar@pacificglobalsolutions.in","Jinal Parmar","SMTP","Mailbox"
"jitendra.yadav@pacificabs.com","Jitendra Yadav","SMTP","Contact"
"jokhim.fernandes@pacificglobalsolutions.in","Jokhim Fernandes","SMTP","Mailbox"
"junaid.banglekar@pacificabs.com","Junaid Banglekar","SMTP","Contact"
"kailas.solanki@pacificabs.com","Kailas Solanki","SMTP","Contact"
"kajal.chaurasiya@pacificglobalsolutions.in","Kajal Chaurasiya","SMTP","Mailbox"
"kalpesh.ghaghada@pacificabs.com","Kalpesh Ghaghada","SMTP","Contact"
"kamlesh.patel@pacificglobalsolutions.com","Kamlesh Patel","SMTP","Contact"
"Karan.Chauhan@pacificglobalsolutions.in","Karan Chauhan","SMTP","Mailbox"
"Karan.Shah@pacificglobalsolutions.in","Karan Shah","SMTP","Mailbox"
"karun.garikapati@pacificabs.com","Karun Garikapati","SMTP","Contact"
"kavya.poojari@pacificglobalsolutions.in","Kavya Poojari","SMTP","Mailbox"
"kenil.sadiwala@pacificabs.com","Kenil Sadiwala","SMTP","Contact"
"kiran.parab@pacificglobalsolutions.in","Kiran Parab","SMTP","Mailbox"
"Komal.Sangare@pacificglobalsolutions.in","Komal Sangare","SMTP","Mailbox"
"krishna.jogani@pacificabs.com","Krishna Jogani","SMTP","Contact"
"krishna.thapa@pacificglobalsolutions.in","Krishna Thapa","SMTP","Mailbox"
"laxmi.ahir@pacificabs.com","Laxmi Ahir","SMTP","Contact"
"leeladhar.gootla@pacificglobalsolutions.in","Leeladhar Gootla","SMTP","Mailbox"
"likhitha.amin@pacificglobalsolutions.in","Likhitha Amin","SMTP","Mailbox"
"Lino.Pereira@pacificglobalsolutions.in","Lino Pereira","SMTP","Mailbox"
