EmailAddress,Name,RoutingType,MailboxType
"abdulkadhar@dinakaran.com","abdulkadhar","SMTP","Mailbox"
"Abhilash@dinakaran.com","Abhilash","SMTP","Mailbox"
"ACCOUNTANTS@dinakaran.com","ACCOUNTANTS","SMTP","PublicDL"
"ACCT_FI_CO@dinakaran.com","ACCT FI CO","SMTP","PublicDL"
"Administrator@dinakaran.com","Administrator","SMTP","Mailbox"
"admintry@dinakaran.com","admintry","SMTP","Mailbox"
"adminuser@dinakaran.com","adminuser","SMTP","Mailbox"
"advtaccountstry@dinakaran.com","advt accounts","SMTP","Mailbox"
"advtaccounts3@dinakaran.com","advt accounts3","SMTP","Mailbox"
"advtaccounts2@dinakaran.com","advt accouts2","SMTP","Mailbox"
"advtaccountspdy@dinakaran.com","Advt Pdy. Accounts","SMTP","Mailbox"
"advtaccounts@dinakaran.com","advtaccounts","SMTP","Mailbox"
"advtaccounts1@dinakaran.com","advtaccounts1","SMTP","Mailbox"
"advtaccountscbe@dinakaran.com","advtaccountscbe","SMTP","Mailbox"
"advtaccountsmdu@dinakaran.com","advtaccountsmdu","SMTP","Mailbox"
"advtblr@dinakaran.com","advtblr","SMTP","Mailbox"
"advtcbe@dinakaran.com","advtcbe","SMTP","Mailbox"
"advts@dinakaran.com","advts","SMTP","Mailbox"
"advtslm@dinakaran.com","advtslm","SMTP","Mailbox"
"afrozahamed@dinakaran.com","afrozahamed","SMTP","Mailbox"
"Ajithkumar@dinakaran.com","Ajithkumar","SMTP","Mailbox"
"am.advtblr@dinakaran.com","am.advtblr","SMTP","Mailbox"
"Amal@dinakaran.com","Amal","SMTP","Mailbox"
"amalraj@dinakaran.com","Amalraj A.","SMTP","Mailbox"
"amitkumar@dinakaran.com","amitkumar","SMTP","Mailbox"
"Anandakumar.R@dinakaran.com","ANANDA R.KUMAR","SMTP","Mailbox"
"anandan@dinakaran.com","Anandan","SMTP","Mailbox"
"anandhank@dinakaran.com","anandhank","SMTP","Mailbox"
"Anbuselvan@dinakaran.com","Anbuselvan.G","SMTP","Mailbox"
"anil@dinakaran.com","anil devakar","SMTP","Mailbox"
"Annal@dinakaran.com","Annal","SMTP","Mailbox"
"Annaraj@dinakaran.com","Annaraj","SMTP","Mailbox"
"antonypitchai@dinakaran.com","antonypitchai","SMTP","Mailbox"
"anzari@dinakaran.com","anzari","SMTP","Mailbox"
"aramkumar@dinakaran.com","aramkumar a.","SMTP","Mailbox"
"aravind@dinakaran.com","aravind","SMTP","Mailbox"
"Arulraj@dinakaran.com","arulraj","SMTP","Mailbox"
"arulselvam@dinakaran.com","arulselvam","SMTP","Mailbox"
"ashokkumar@dinakaran.com","ashokkumar - Marketing","SMTP","Mailbox"
"athibalamurugan@dinakaran.com","Athi balamurugan","SMTP","Mailbox"
"Babu@dinakaran.com","Babu","SMTP","Mailbox"
"balaji@dinakaran.com","Balaji","SMTP","Mailbox"
"m.balaji@dinakaran.com","balaji m","SMTP","Mailbox"
"balajii@dinakaran.com","balajii","SMTP","Mailbox"
"Balakrishnan@dinakaran.com","Balakrishnan","SMTP","Mailbox"
"Balakumar@dinakaran.com","Balakumar","SMTP","Mailbox"
"balamurugan.c@dinakaran.com","Balamurugan.c","SMTP","Mailbox"
"balasubramani@dinakaran.com","balasubramani","SMTP","Mailbox"
"balavinayagam@dinakaran.com","Balavinayagam","SMTP","Mailbox"
"balu@dinakaran.com","Balu","SMTP","Mailbox"
"balusathya@kungumam.co.in","balusathya","SMTP","Mailbox"
"blr_network@dinakaran.com","Bangalore Nework","SMTP","Mailbox"
"Barani.E@dinakaran.com","Barani.E","SMTP","Mailbox"
"Barnabas@dinakaran.com","barnabas","SMTP","Mailbox"
"bharath.v@dinakaran.com","bharath","SMTP","Mailbox"
"bhavani@dinakaran.com","Bhavani","SMTP","Mailbox"
"bhimsan@dinakaran.com","bhimsan","SMTP","Mailbox"
"blradvt@dinakaran.com","blradvt","SMTP","Mailbox"
"blrsales@dinakaran.com","blrsales","SMTP","Mailbox"
"boobalan@dinakaran.com","boobalan","SMTP","Mailbox"
"booking@dinakaran.com","booking","SMTP","Mailbox"
"cam@dinakaran.com","cam","SMTP","Mailbox"
"CASHIERS@dinakaran.com","CASHIERS","SMTP","PublicDL"
"cbe.mm@dinakaran.com","Cbe.mm","SMTP","Mailbox"
"cbe_network@dinakaran.com","cbe_network","SMTP","Mailbox"
"chandramohan@dinakaran.com","Chandramohan","SMTP","Mailbox"
"chandramohan.c@dinakaran.com","chandramohan.c","SMTP","Mailbox"
"chandrasekaran@dinakaran.com","Chandrasekaran","SMTP","Mailbox"
"chandrasekaran.k@dinakaran.com","chandrasekaran.k","SMTP","Mailbox"
"charlesp@dinakaran.com","charles P","SMTP","Mailbox"
"chellapandian@dinakaran.com","Chellapandian","SMTP","Mailbox"
"chennai.ctp@dinakaran.com","Chennai.Ctp","SMTP","Mailbox"
"CHIEF_MANAGER@dinakaran.com","CHIEF MANAGER","SMTP","PublicDL"
"ChiefReproters@dinakaran.com","Chief Reporters","SMTP","PublicDL"
"ChiefPhotogrpher@dinakaran.com","ChiefPhotogrpher","SMTP","PublicDL"
"Chiefreportertrichy@dinakaran.com","Chiefreportertrichy Suresh","SMTP","Mailbox"
"CIRC_MANAGER@dinakaran.com","CIRC MANAGER","SMTP","PublicDL"
"circulation@dinakaran.com","Circulation","SMTP","Mailbox"
"circulation.mdu@dinakaran.com","Circulation Madurai","SMTP","Mailbox"
"circ_mumbai@dinakaran.com","Circulation Mumbai","SMTP","Mailbox"
"cj@dinakaran.com","Cj","SMTP","Mailbox"
"classified@dinakaran.com","Classified","SMTP","Mailbox"
"classified.despatch@dinakaran.com","classified.despatch","SMTP","Mailbox"
"classifieds.cbe@dinakaran.com","classifieds","SMTP","Mailbox"
"cnicirc@dinakaran.com","cni circ","SMTP","Mailbox"
"cnicirc1@dinakaran.com","cni circ1","SMTP","Mailbox"
"CSankar@dinakaran.com","CSankar","SMTP","Mailbox"
"CTP-Dept@dinakaran.com","CTP Dept","SMTP","PublicDL"
"DataCenter@dinakaran.com","DataCenter","SMTP","PublicDL"
"deepa@dinakaran.com","Deepa arasi J.","SMTP","Mailbox"
"deepak@dinakaran.com","deepak R.","SMTP","Mailbox"
"dhanagopal@dinakaran.com","Dhanagopal","SMTP","Mailbox"
"dhanalakshmi.A@dinakaran.com","dhanalakshmi.A","SMTP","Mailbox"
"dhayalan@dinakaran.com","Dhayalan","SMTP","Mailbox"
"Dilipkumar.g@dinakaran.com","Dilipkumar g.","SMTP","Mailbox"
"dina@dinakaran.com","Dina","SMTP","Mailbox"
"dinakaran@dinakaran.com","dinakaran","SMTP","Mailbox"
"Webex@dinakaran.com","Dinakaran Webex","SMTP","Mailbox"
"DKN_MRKT_MANAGER@dinakaran.com","DKN_MRKT_MANAGER","SMTP","PublicDL"
"dknpdy@dinakaran.com","DknPondy","SMTP","Mailbox"
