EmailAddress,Name,RoutingType,MailboxType
"accounts@megsanlabs.com","Accounts","SMTP","Mailbox"
"admin@megsanlabs.com","admin","SMTP","Mailbox"
"a.anilkumar@megsanlabs.com","Anil Kumar A","SMTP","Mailbox"
"t.anilkumar@megsanlabs.com","AnilKumar","SMTP","Mailbox"
"p.anuragreddy@megsanlabs.com","Anurag Reddy P","SMTP","Mailbox"
"k.ashok@megsanlabs.com","Ashok","SMTP","Mailbox"
"d.ashok@megsanlabs.com","Ashok D","SMTP","Mailbox"
"g.avinash@megsanlabs.com","Avinash","SMTP","Mailbox"
"s.balaji@megsanlabs.com","Balaji S","SMTP","Mailbox"
"bd@megsanlabs.com","BD","SMTP","Mailbox"
"External@megsanlabs.com","Block","SMTP","PublicDL"
"p.brahmareddy@megsanlabs.com","Brahma Reddy P","SMTP","Mailbox"
"ch.ashok@megsanlabs.com","Ch. Ashok","SMTP","Mailbox"
"cqa@megsanlabs.com","CQA Megsan Labs","SMTP","Mailbox"
"documentcontrol@megsanlabs.com","Document Control","SMTP","Mailbox"
"a.kirankumar@megsanlabs.com","Dr. A. Kirankumar","SMTP","Mailbox"
"a.rajendraprasad@megsanlabs.com","Dr. A. Rajendra Prasad","SMTP","Mailbox"
"j.rudraprasadreddy@megsanlabs.com","Dr. J.Rudraprasad Reddy","SMTP","Mailbox"
"u.kullaireddy@megsanlabs.com","Dr. U.Kullai Reddy","SMTP","Mailbox"
"m.eswar@megsanlabs.com","Eswar","SMTP","Mailbox"
"a.ethirajulu@megsanlabs.com","Ethirajulu Naidu A","SMTP","Mailbox"
"exchsysadmin@megsanlabs.com","Exchange Admin","SMTP","Mailbox"
"fwlab@megsanlabs.com","Food & Water Lab","SMTP","Mailbox"
"s.ganesh@megsanlabs.com","Ganesh","SMTP","Mailbox"
"y.ganesh@megsanlabs.com","Ganesh Y","SMTP","Mailbox"
"m.gopi@megsanlabs.com","Gopi M","SMTP","Mailbox"
"ch.harikumar@megsanlabs.com","Hari Kumar Ch","SMTP","Mailbox"
"hr@megsanlabs.com","HR","SMTP","Mailbox"
"info@megsanlabs.com","INFO","SMTP","Mailbox"
"IT1@megsanlabs.com","IT","SMTP","PublicFolder"
"ithelpdesk@megsanlabs.com","IT Team","SMTP","Mailbox"
"jaipal@megsanlabs.com","Jaipal Reddy","SMTP","Mailbox"
"m.jayapalreddy@megsanlabs.com","Jayapal Reddy M","SMTP","Mailbox"
"m.jyothirmai@megsanlabs.com","Jyothirmai","SMTP","Mailbox"
"g.kalyan@megsanlabs.com","Kalyan","SMTP","Mailbox"
"v.keerthivardhan@megsanlabs.com","Keerthi Vardhan Reddy V","SMTP","Mailbox"
"m.krishnamurthy@megsanlabs.com","Krishna Murthy M","SMTP","Mailbox"
"p.krishnaiah@megsanlabs.com","Krishnaiah P","SMTP","Mailbox"
"p.linganna@megsanlabs.com","Linganna P","SMTP","Mailbox"
"a.maheshkumar@megsanlabs.com","Mahesh Kumar Adelli","SMTP","Mailbox"
"ch.maruthiphanikumar@megsanlabs.com","Maruthi Phani Kumar Ch","SMTP","Mailbox"
"mdo@megsanlabs.com","MDO","SMTP","Mailbox"
"mlpl@megsanlabs.com","Megsan group","SMTP","PublicDL"
"microbiologylab@megsanlabs.com","Microbiology Lab","SMTP","Mailbox"
"s.nagarjunareddy@megsanlabs.com","Nagarjuna Reddy S","SMTP","Mailbox"
"t.nagarjuna@megsanlabs.com","Nagarjuna T","SMTP","Mailbox"
"k.naveenkumar@megsanlabs.com","Naveen Kumar K","SMTP","Mailbox"
"jr.polu@megsanlabs.com","P. J. Reddy","SMTP","Mailbox"
"pharmalab@megsanlabs.com","Pharma Lab","SMTP","Mailbox"
"pclab@megsanlabs.com","Physical Characterization Lab","SMTP","Mailbox"
"praveen@megsanlabs.com","Praveen A.","SMTP","Mailbox"
"c.praveenreddy@megsanlabs.com","Praveen Reddy C.","SMTP","Mailbox"
"quality@megsanlabs.com","quality","SMTP","Mailbox"
"s.ramaraju@megsanlabs.com","Rama Raju S","SMTP","Mailbox"
"t.ramesh@megsanlabs.com","Ramesh T","SMTP","Mailbox"
"t.rammohanrao@megsanlabs.com","Rammohan Rao T.","SMTP","Mailbox"
"p.ravindranath@megsanlabs.com","Ravindranath P","SMTP","Mailbox"
"v.saikrishna@megsanlabs.com","Saikrishna V","SMTP","Mailbox"
"y.sankarrao@megsanlabs.com","Sankar Rao Y","SMTP","Mailbox"
"r.santhoshkumar@megsanlabs.com","Santhosh Kumar","SMTP","Mailbox"
"m.santoshkumar@megsanlabs.com","Santosh Kumar M","SMTP","Mailbox"
"b.satyanarayana@megsanlabs.com","Satyanarayana B","SMTP","Mailbox"
"serviceengineer@megsanlabs.com","Service engineer","SMTP","Mailbox"
"a.shravankumar@megsanlabs.com","shravan kumar a.","SMTP","Mailbox"
"b.srinivas@megsanlabs.com","Srinivas B","SMTP","Mailbox"
"s.srinivasrao@megsanlabs.com","Srinivas Rao S","SMTP","Mailbox"
"p.srinivasarao@megsanlabs.com","Srinivasa Rao P","SMTP","Mailbox"
"sro@megsanlabs.com","SRO","SMTP","Mailbox"
"stores@megsanlabs.com","Stores","SMTP","Mailbox"
"k.sudheerbabu@megsanlabs.com","Sudheer Babu K","SMTP","Mailbox"
"s.sudhir@megsanlabs.com","Sudhir S","SMTP","Mailbox"
"d.suvajit@megsanlabs.com","Suvajit Das","SMTP","Mailbox"
"test1@megsanlabs.com","Test1","SMTP","Mailbox"
"TraceLab@megsanlabs.com","Trace Analysis","SMTP","Mailbox"
"p.trilochan@megsanlabs.com","Trilochan P","SMTP","Mailbox"
"l.trived@megsanlabs.com","Trived L","SMTP","Mailbox"
"p.vamsirajasekhar@megsanlabs.com","Vamsi Rajasekhar Reddy P","SMTP","Mailbox"
"r.venkatasreedhar@megsanlabs.com","Venkata Sreedhar R","SMTP","Mailbox"
"a.venkatesh@megsanlabs.com","Venkatesh A.","SMTP","Mailbox"
"y.venkatesh@megsanlabs.com","Venkatesh Y","SMTP","Mailbox"
