EmailAddress,Name,RoutingType,MailboxType
"aarifa_shaikh@aeoncredit.co.in","Aarifa Shaikh","SMTP","Mailbox"
"Aaron_Marcus@aeoncredit.co.in","Aaron Marcus","SMTP","Mailbox"
"aarti_shakya@aeoncredit.co.in","Aarti Shakya","SMTP","Mailbox"
"abhishek_gautam@aeoncredit.co.in","Abhishek Gautam","SMTP","Mailbox"
"Abhishek_Choudhary@aeoncredit.co.in","Abhishek Kumar Choudhary","SMTP","Mailbox"
"abhishek_mantri@aeoncredit.co.in","Abhishek R. Mantri","SMTP","Mailbox"
"abraham_richard@aeoncredit.co.in","Abraham Richard","SMTP","Mailbox"
"ans.abrar@3gfbm.in","Abrar Ansari","SMTP","Contact"
"acsi@aeoncredit.co.in","acsi","SMTP","Mailbox"
"acsi_risk@aeoncredit.co.in","acsi_risk","SMTP","PublicDL"
"acsindia@aeoncredit.co.in","acsindia","SMTP","Mailbox"
"admin@aeoncredit.co.in","admin","SMTP","Mailbox"
"admin_cmd@aeoncredit.co.in","admin_cmd","SMTP","PublicDL"
"admin_fcu@aeoncredit.co.in","admin_fcu","SMTP","PublicDL"
"admin_mkt@aeoncredit.co.in","admin_mkt","SMTP","PublicDL"
"admindept@aeoncredit.co.in","admindept","SMTP","PublicDL"
"aeon_document@aeoncredit.co.in","aeon_document","SMTP","PublicDL"
"aeon_olacabs@aeoncredit.co.in","aeon_olacabs","SMTP","PublicDL"
"aeoncreditpl@aeoncredit.co.in","aeoncreditpl","SMTP","PublicDL"
"AeonSales_AMS@aeoncredit.co.in","AeonSales_AMS","SMTP","PublicDL"
"AeonSales_BD@aeoncredit.co.in","AeonSales_BD","SMTP","PublicDL"
"AeonSales_MOS@aeoncredit.co.in","AeonSales_MOS","SMTP","PublicDL"
"Aeonsupport@aeoncredit.co.in","Aeonsupport","SMTP","Mailbox"
"ajaykumar_singh@aeoncredit.co.in","Ajaykumar Singh","SMTP","Mailbox"
"ajeet_kumar@aeoncredit.co.in","Ajeet Kumar","SMTP","Mailbox"
"aki_tokumitsu@aeoncredit.co.in","aki tokumitsu","SMTP","Mailbox"
"akshay_gadade@aeoncredit.co.in","Akshay Gadade","SMTP","Mailbox"
"Alert@aeoncredit.co.in","Alert","SMTP","Mailbox"
"alert_uatfinnone@aeoncredit.co.in","Alert UATFinnone","SMTP","Mailbox"
"ALL_HOD@aeoncredit.co.in","ALL_HOD","SMTP","PublicDL"
"ALLDIRECTORS_AEONINDIA@aeoncredit.co.in","ALLDIRECTORS_AEONINDIA","SMTP","PublicDL"
"AllUsers_AEONINDIA@aeoncredit.co.in","AllUsers_AEONINDIA","SMTP","PublicDL"
"amit_koyande@aeoncredit.co.in","Amit Koyande","SMTP","Mailbox"
"amit_kumar@aeoncredit.co.in","Amit Kumar","SMTP","Mailbox"
"Amlan_Acharya@aeoncredit.co.in","Amlan Acharya","SMTP","Mailbox"
"amol_deshmukh@aeoncredit.co.in","Amol Deshmukh","SMTP","Mailbox"
"amol_lad@aeoncredit.co.in","Amol Lad","SMTP","Mailbox"
"amul_gare@aeoncredit.co.in","Amul Gare","SMTP","Mailbox"
"ansal_dsouza@aeoncredit.co.in","Ansal Dsouza","SMTP","Mailbox"
"Anuruddha_Kurlikar@aeoncredit.co.in","Anuruddha Kurlikar","SMTP","Mailbox"
"archana_jadhav@aeoncredit.co.in","Archana Jadhav","SMTP","Mailbox"
"arpita_kumar@aeoncredit.co.in","Arpita Kumar","SMTP","Mailbox"
"Arshad_Shaikh@aeoncredit.co.in","Arshad Shaikh","SMTP","Mailbox"
"ashok_naykwadi@aeoncredit.co.in","Ashok Naykwadi","SMTP","Mailbox"
"Aslam_Shaikh@aeoncredit.co.in","Aslam Shaikh","SMTP","Mailbox"
"atik_khan@aeoncredit.co.in","Atik Khan","SMTP","Mailbox"
"auditdlp@aeoncredit.co.in","Audit DLP","SMTP","Mailbox"
"avadhoot_ghatye@aeoncredit.co.in","Avadhoot Ghatye","SMTP","Mailbox"
"AVPAbove@aeoncredit.co.in","AVPAbove","SMTP","PublicDL"
"azhar_shaikh@aeoncredit.co.in","Azhar Shaikh","SMTP","Mailbox"
"balu_rs@aeoncredit.co.in","Balu RS","SMTP","Mailbox"
"Barracuda@aeoncredit.co.in","Barracuda","SMTP","Mailbox"
"bhanudas_parab@aeoncredit.co.in","Bhanudas Parab","SMTP","Mailbox"
"bid@aeoncredit.co.in","bid@aeoncredit.co.in","SMTP","PublicDL"
"boardapp@aeoncredit.co.in","boardapp","SMTP","Mailbox"
"brdevelop@aeoncredit.co.in","brdevelop","SMTP","PublicDL"
"Brinda_Nadar@aeoncredit.co.in","Brinda Nadar","SMTP","Mailbox"
"Cabin1@aeoncredit.co.in","Cabin1","SMTP","Mailbox"
"Cabin2@aeoncredit.co.in","Cabin2","SMTP","Mailbox"
"CAD@aeoncredit.co.in","CAD","SMTP","PublicDL"
"callcenter@aeoncredit.co.in","CallCenter","SMTP","PublicDL"
"chanda_pal@aeoncredit.co.in","Chanda Pal","SMTP","Mailbox"
"chhaya_fulsunge@aeoncredit.co.in","Chhaya D. Fulsunge","SMTP","Mailbox"
"Chhotoo_Pawar@aeoncredit.co.in","Chhotoo Pawar","SMTP","Mailbox"
"CIC_Room@aeoncredit.co.in","CIC_Room","SMTP","Mailbox"
"CMD@aeoncredit.co.in","CMD","SMTP","PublicDL"
"cmd_admin@aeoncredit.co.in","cmd_admin","SMTP","PublicDL"
"CMD_Current@aeoncredit.co.in","CMD_Current","SMTP","PublicDL"
"CMD_D1&D2@aeoncredit.co.in","CMD_D1&D2","SMTP","PublicDL"
"CMD_Delinquent@aeoncredit.co.in","CMD_Delinquent","SMTP","PublicDL"
"CMD_DeskTL@aeoncredit.co.in","CMD_DeskTL","SMTP","PublicDL"
"CMD_FieldTL@aeoncredit.co.in","CMD_FieldTL","SMTP","PublicDL"
"cmd_mis@aeoncredit.co.in","cmd_mis","SMTP","PublicDL"
"collections@aeoncredit.co.in","collections","SMTP","PublicDL"
"coordinator@aeoncredit.co.in","coordinator","SMTP","PublicDL"
"Corporate_Planning@aeoncredit.co.in","corp_planning","SMTP","PublicDL"
"Corporate@aeoncredit.co.in","Corporate","SMTP","PublicDL"
"Corporate_Governance@aeoncredit.co.in","Corporate Governance","SMTP","PublicDL"
"CPV_AEON@aeoncredit.co.in","CPV_AEON","SMTP","PublicDL"
"nesteye2015@gmail.com","CPV_netsteye","SMTP","Contact"
"sumitnesteye@gmail.com","CPV_sumitnesteye","SMTP","Contact"
"Credit&Risk@aeoncredit.co.in","Credit & Risk","SMTP","PublicDL"
"cs@aeoncredit.co.in","cs","SMTP","PublicDL"
"customercare@aeoncredit.co.in","customercare","SMTP","Mailbox"
"CV@aeoncredit.co.in","CV","SMTP","PublicDL"
"czar_das@aeoncredit.co.in","czar das","SMTP","Mailbox"
"Dadar_PL@aeoncredit.co.in","Dadar_PL","SMTP","PublicDL"
"maeda@aeoncredit.co.in","Daisuke Maeda","SMTP","Mailbox"
"daisuke.maeda@aeoncredit.com.my","Daisuke Maeda","SMTP","Contact"
"DBAlerts@aeoncredit.co.in","DBAlerts","SMTP","Mailbox"
"debashree_gb@aeoncredit.co.in","Debashree Gupta","SMTP","Mailbox"
"deepali_gaikwad@aeoncredit.co.in","Deepali Gaikwad","SMTP","Mailbox"
"deepali_sawant@aeoncredit.co.in","Deepali Sawant","SMTP","Mailbox"
"Deepali_Surve@aeoncredit.co.in","Deepali Surve","SMTP","Mailbox"
"Deepika_G@aeoncredit.co.in","Deepika G","SMTP","Mailbox"
"deepika_panvalkar@aeoncredit.co.in","Deepika Panvalkar","SMTP","Mailbox"
"deepti_sawant@aeoncredit.co.in","Deepti Sawant","SMTP","Mailbox"
"Dharti_Rana@aeoncredit.co.in","Dharti Rana","SMTP","Mailbox"
"digiplmarketing@aeoncredit.co.in","digiplmarketing","SMTP","PublicDL"
"Digital@aeoncredit.co.in","Digital","SMTP","PublicDL"
