EmailAddress,Name,RoutingType,MailboxType
"md@avacare.in","A V Anoop","SMTP","Mailbox"
"abduljaleel.md@avacare.in","Abduljaleel MD.","SMTP","Mailbox"
"abin.b@sanjeevanam.com","Abin Bosco","SMTP","Mailbox"
"Accounts2@avacare.in","Accounts","SMTP","PublicDL"
"acred@sanjeevanam.com","acred","SMTP","Mailbox"
"adhimoolam.s@avacare.in","Adhimoolam s.","SMTP","Mailbox"
"save-75Fdz7mjWzsc@3.basecamp.com","admin.bc","SMTP","Contact"
"Administrator@avacare.in","Administrator","SMTP","Mailbox"
"agm@sanjeevanam.com","agm","SMTP","Mailbox"
"alex.s@avacare.in","alex.s","SMTP","Mailbox"
"alwaye@avacare.in","Alwaye C&F.","SMTP","Mailbox"
"amarnath.a@avacare.in","Amarnath A.","SMTP","Mailbox"
"analytics@avacare.in","analytics","SMTP","Mailbox"
"ananthraj.jd@melam.com","ananthraj jd.","SMTP","Mailbox"
"aneeshpv87@gmail.com","aneeshpv87","SMTP","Contact"
"anil.bk@avacare.in","Anil Balakrishnan","SMTP","Mailbox"
"anilkumar.s@avacare.in","anilkumar.s","SMTP","Mailbox"
"anita.k@avacare.in","Anita.k","SMTP","Mailbox"
"anjaliravi@avacare.in","anjali ravi","SMTP","Mailbox"
"dr.ankitha.s@sanjeevanam.com","Ankitha s.","SMTP","Mailbox"
"anoop.pb@melam.com","anoop.pb","SMTP","Mailbox"
"antony@melam.com","Antony","SMTP","Mailbox"
"ARM_SanjNung@avacare.in","ARM_SanjNung","SMTP","Mailbox"
"arun.sr@avacare.in","Arun","SMTP","Mailbox"
"arunmathew@melam.com","arunmathew","SMTP","Mailbox"
"assim.ak@avacare.in","assim.ak","SMTP","Mailbox"
"avablr@avacare.in","AVA Banglore","SMTP","Mailbox"
"avaklr@avacare.in","AVA koliyanur","SMTP","Mailbox"
"avalab@avacare.in","Ava lab","SMTP","Mailbox"
"avamdm@avacare.in","AVA Madavaram","SMTP","Mailbox"
"avapdy@avacare.in","AVA Pondy","SMTP","Mailbox"
"avatmz@avacare.in","AVA Thirumazhasai","SMTP","Mailbox"
"avavlpm@avacare.in","AVA.villupuram","SMTP","Mailbox"
"AVA_LAB@avacare.in","AVA_LAB","SMTP","PublicDL"
"ava1@avacare.in","ava1","SMTP","Mailbox"
"avacare@avacare.in","Avacare","SMTP","PublicDL"
"avacarehelpdesk@gmail.com","avacarehelpdesk","SMTP","Contact"
"avachpl@avacare.in","AVACHPL","SMTP","Mailbox"
"Ava-dtp@avacare.in","Ava-dtp","SMTP","Mailbox"
"avahealthcare@avacare.in","avahealthcare","SMTP","Mailbox"
"avalab.pd@avacare.in","avala pd","SMTP","Mailbox"
"balaji.b@avacare.in","Balaji b.","SMTP","Mailbox"
"balaraman.np@avacare.in","Balaraman np.","SMTP","Mailbox"
"balasubramanian.s@avacare.in","Balasubramanian S.","SMTP","Mailbox"
"banglore@avacare.in","banglore c&f","SMTP","Mailbox"
"dr.basimah.n@sanjeevanam.com","Basimah Nahan","SMTP","Mailbox"
"bharathidevi.a@avacare.in","Bharathi Devi a.","SMTP","Mailbox"
"bimal@avacare.ae","bimal","SMTP","Contact"
"binu.b@sanjeevanam.com","Binu b Nair","SMTP","Mailbox"
"brightson.p@avacare.in","brightson p.","SMTP","Mailbox"
"sridhar.b@avacare.in","Burra Sridhar","SMTP","Mailbox"
"C&F@avacare.in","C&f gROUP","SMTP","PublicDL"
"calicut@avacare.in","calicut c&f","SMTP","Mailbox"
"cash@avacare.in","cash","SMTP","Mailbox"
"cash.rest@sanjeevanam.com","cash rest","SMTP","Mailbox"
"chellappan@avacare.in","chellappan","SMTP","Mailbox"
"chennai@avacare.in","chennai c&f","SMTP","Mailbox"
"acct@avacare.in","Cholayil accounts","SMTP","Mailbox"
"admn@avacare.in","cholayil administration","SMTP","Mailbox"
"cid@avacare.in","cholayil cid","SMTP","Mailbox"
"clint.m@sanjeevanam.com","clint.m","SMTP","Mailbox"
"conference@avacare.in","conference","SMTP","Mailbox"
"coor_jeevan@melam.com","coor_jeevan","SMTP","Mailbox"
"coor_xtra@melam.com","coor_xtra","SMTP","Mailbox"
"customercare@avacare.in","Customercare","SMTP","Mailbox"
"design@sanjeevanam.com","Design","SMTP","Mailbox"
"dhanaraja.j@avacare.in","Dhanasing raja","SMTP","Mailbox"
"dheenadayalan.k@avacare.in","Dheena dayalan","SMTP","Mailbox"
"digital@sanjeevanam.com","Digital","SMTP","Mailbox"
"dileep.m@avacare.in","Dileep M. Krishna","SMTP","Mailbox"
"dinakaran.r@avacare.in","Dinakaran.r","SMTP","Mailbox"
"director@sanjeevanam.com","director","SMTP","Mailbox"
"distributorcare@melam.com","distributorcare","SMTP","Mailbox"
"distributorcaretn@melam.com","distributorcaretn","SMTP","Mailbox"
"divakaran.u@avacare.in","divakaran U.","SMTP","Mailbox"
"divine_prdn@avacare.in","divine_coordinator","SMTP","Mailbox"
"pearly.k@avacare.in","Dr Pearly Lavanya","SMTP","Mailbox"
"rajesh.b@avacare.in","Dr Rajesh B","SMTP","Mailbox"
"shankar.h@avacare.in","Dr Shankarsubramanian","SMTP","Mailbox"
"yazhini@avacare.in","Dr yazhini","SMTP","Mailbox"
"dr.aiswarya.j@sanjeevanam.com","dr.aiswarya.j","SMTP","Mailbox"
"dr.anil.k@sanjeevanam.com","dr.anil.k","SMTP","Mailbox"
"dr.anne.m@sanjeevanam.com","Dr.Anne Mathew","SMTP","Mailbox"
"dr.gouri@sanjeevanam.com","Dr.Gouri","SMTP","Mailbox"
"dr.hridhya.r@sanjeevanam.com","dr.hridhya.r","SMTP","Mailbox"
"dr.koushik.m@avacare.in","Dr.Koushik Mukherjee","SMTP","Mailbox"
"drmahesh@avacare.in","Dr.Mahesh","SMTP","Mailbox"
"dr.neeba.raj@sanjeevanam.com","Dr.Neeba Raj.","SMTP","Mailbox"
"dr.neena.r@sanjeevanam.com","dr.neena.r","SMTP","Mailbox"
"dr.rahul.u@sanjeevanam.com","dr.rahul.u","SMTP","Mailbox"
"dr.rajeev.n@sanjeevanam.com","Dr.Rajeev","SMTP","Mailbox"
"dr.ravi.p@sanjeevanam.com","dr.ravi.p","SMTP","Mailbox"
"shanmugapriya.a@avacare.in","Dr.shanmugapriya.a","SMTP","Mailbox"
"sivashankar@avacare.in","Dr.sivashankar","SMTP","Mailbox"
"Drrajeev@avacare.in","Drrajeev","SMTP","PublicDL"
"durgesh.ap@sanjeevanam.com","durgesh ap.","SMTP","Mailbox"
"ecommerce@avacare.in","ecommerce","SMTP","Mailbox"
"ehr@sanjeevanam.com","ehr","SMTP","Mailbox"
"eldojohn@melam.com","eldojohn","SMTP","Mailbox"
"emarket@avacare.in","emarket user","SMTP","Mailbox"
