EmailAddress,Name,RoutingType,MailboxType
"adminx@spectrum-india.com","Admin","SMTP","Mailbox"
"Administrator@spectrum-india.com","Administrator","SMTP","Mailbox"
"autopress.fabricators@spectrum-india.com","Auto Press Fabricators","SMTP","Mailbox"
"bhushan.chavan@spectrum-india.com","Bhushan Chavan","SMTP","Mailbox"
"broadcast@spectrum-india.com","Broadcast","SMTP","PublicDL"
"deepak.chaudhari@spectrum-india.com","Deepak Chaudhari","SMTP","Mailbox"
"devendra.rane@spectrum-india.com","Devendra Rane","SMTP","Mailbox"
"DiscoverySearchMailbox{D919BA05-46A6-415f-80AD-7E09334BB852}@spectrum-india.com","DiscoverySearchMailbox {D919BA05-46A6-415f-80AD-7E09334BB852}","SMTP","Mailbox"
"exch_vault@spectrum-india.com","Exch_Vault","SMTP","Mailbox"
"gajanan.kale@spectrum-india.com","Gajanan Kale","SMTP","Mailbox"
"gajanan.sangle@spectrum-india.com","Gajanan Sangle","SMTP","Mailbox"
"govardhan.reddy@spectrum-india.com","Govardhan Reddy","SMTP","Mailbox"
"HealthMailboxYTJE132@spectrum-india.com","HealthMailboxYTJE132","SMTP","Mailbox"
"keeper@spectrum-india.com","Keeper","SMTP","Mailbox"
"md@spectrum-india.com","Managing Director","SMTP","Mailbox"
"migrate@spectrum-india.com","migrate","SMTP","Mailbox"
"narendra.wagh@spectrum-india.com","Narendra Wagh","SMTP","Mailbox"
"omprakash.karokar@spectrum-india.com","Omprakash Karokar","SMTP","Mailbox"
"pankaj.patil@spectrum-india.com","Pankaj Patil","SMTP","Mailbox"
"pankaj.rote@spectrum-india.com","Pankaj Rote","SMTP","Mailbox"
"pravin.attarde@spectrum-india.com","Pravin Attarde","SMTP","Mailbox"
"pravin.kunjiwal@spectrum-india.com","Pravin Kunjiwal","SMTP","Mailbox"
"quality.electroplater@spectrum-india.com","Quality Electroplater","SMTP","Mailbox"
"rahul.lavane@spectrum-india.com","Rahul Lavane","SMTP","Mailbox"
"rahul.rane@spectrum-india.com","Rahul Rane","SMTP","Mailbox"
"sanjay.bendale@spectrum-india.com","Sanjay Bendale","SMTP","Mailbox"
"santosh.gunale@spectrum-india.com","Santosh Gunale","SMTP","Mailbox"
"backup@spectrum-india.com","SAP Backup","SMTP","Mailbox"
"sap-dev-wf@spectrum-india.com","SAP DEV. WF","SMTP","Mailbox"
"sharon.sanghavi@spectrum-india.com","Sharon Sanghavi","SMTP","Mailbox"
"production.silverplating@spectrum-india.com","Silver Plating Production","SMTP","Mailbox"
"purchase.silverplating@spectrum-india.com","Silver Plating Purchase","SMTP","Mailbox"
"info2@spectrum-india.com","Spectrum Electrical Co. Pvt. Ltd","SMTP","Mailbox"
"sudarshan.sawant@spectrum-india.com","Sudarshan Sawant","SMTP","Mailbox"
"supervisor@spectrum-india.com","supervisor","SMTP","Mailbox"
"sushil.tikle@spectrum-india.com","Sushil Tikle","SMTP","Mailbox"
"umeshchaudhari@spectrum-india.com","Umesh Chaudhari","SMTP","Mailbox"
"vilas.patil@spectrum-india.com","Vilas Patil","SMTP","Mailbox"
"vinod.bhoge@spectrum-india.com","Vinod Bhoge","SMTP","Mailbox"
