EmailAddress,Name,RoutingType,MailboxType
"asp@foracepolymers.in","A S Prabhakar","SMTP","Mailbox"
"thirumurugan@foracepolymers.in","A Thirumurugan","SMTP","Mailbox"
"Abhijeet@foracepolymers.in","Abhijeet Chatterjee","SMTP","Mailbox"
"accounts@foracepolymers.in","Accounts Forace Polymers","SMTP","Mailbox"
"acm@foracepolymers.in","ACM Plant","SMTP","Mailbox"
"hrd4@foracepolymers.in","Aditya Chauhan","SMTP","Mailbox"
"Administrator@foracepolymers.in","Administrator","SMTP","Mailbox"
"ahmedabad@foracepolymers.in","Ahmedabad Office","SMTP","Mailbox"
"Ajay@foracepolymers.in","Ajay Verma","SMTP","Mailbox"
"Ajit@foracepolymers.in","Ajit Ashok Patil","SMTP","Mailbox"
"akhil@foracepolymers.in","Akhilesh Verma","SMTP","Mailbox"
"anand@foracepolymers.in","Anand M A","SMTP","Mailbox"
"aks@foracepolymers.in","Anand Srivastava","SMTP","Mailbox"
"anchal@foracepolymers.in","Anchal Sehgal","SMTP","Mailbox"
"anujmathur@foracepolymers.in","Anuj Mathur","SMTP","Mailbox"
"Arvind@foracepolymers.in","Arvind Shukla","SMTP","Mailbox"
"Ashish@foracepolymers.in","Ashish Adhikari","SMTP","Mailbox"
"akm@foracepolymers.in","Ashoke Kumar Majumdar","SMTP","Mailbox"
"Auditaccounts@foracepolymers.in","Audit Accounts Forace","SMTP","Mailbox"
"audit@foracepolymers.in","Audit Department","SMTP","Mailbox"
"avnish@foracepolymers.in","Avnish kumar","SMTP","Mailbox"
"BDass@foracepolymers.in","Banarsi Dass","SMTP","Mailbox"
"belgaum@foracepolymers.in","Belgaum Branch","SMTP","Mailbox"
"FPPL@foracepolymers.in","Birthday Wishes","SMTP","PublicDL"
"cbtiwari@foracepolymers.in","C B Tiwari","SMTP","Mailbox"
"chandan@foracepolymers.in","Chandan Kumar","SMTP","Mailbox"
"Chandank@foracepolymers.in","Chandan Kumar Singh","SMTP","Mailbox"
"Cpanda@foracepolymers.in","Chandan Panda","SMTP","Mailbox"
"coimbatore@foracepolymers.in","Coimbatore Forace Depot","SMTP","Mailbox"
"cctv@foracepolymers.in","Company Surveillance Team","SMTP","Mailbox"
"contact@foracepolymers.in","Contact Infor Forace","SMTP","Mailbox"
"Contact@foraceindustries.com","Contact Information Forace Industries","SMTP","Mailbox"
"info@foracepolymers.in","CRM Forace","SMTP","Mailbox"
"dkulkarni@foracepolymers.in","D K Kulkarni","SMTP","Mailbox"
"Deepak@foracepolymers.in","Deepak Sharma","SMTP","Mailbox"
"dvk@foracepolymers.in","Deepak Vasant Kasabe","SMTP","Mailbox"
"Deepali@foracepolymers.in","Deepali Saini","SMTP","Mailbox"
"Dghosh@foracepolymers.in","Dipak Ghosh","SMTP","Mailbox"
"drc@foracepolymers.in","Dipankar R Choudhary","SMTP","Mailbox"
"dmo@foracepolymers.in","Director Marketing Office","SMTP","Mailbox"
"do@foracepolymers.in","Director Office","SMTP","Mailbox"
"dpoffice@foracepolymers.in","Director Purchase Office","SMTP","Mailbox"
"Dispatchplanning@foracepolymers.in","Dispatch Plannnig Forace","SMTP","Mailbox"
"divya@foracepolymers.in","Divya","SMTP","Mailbox"
"dcsautomation@foracepolymers.in","DSC Automationion","SMTP","Mailbox"
"ehs@foracepolymers.in","EHS Manager","SMTP","Mailbox"
"etpplant@foracepolymers.in","ETP Operator","SMTP","Mailbox"
"fipurchase@foracepolymers.in","F I Purchase","SMTP","Mailbox"
"Finance@foracepolymers.in","Farooq Ahmed","SMTP","Mailbox"
"financemanager@foracepolymers.in","Finance Manager","SMTP","Mailbox"
"fi@foracepolymers.in","FIPL","SMTP","PublicDL"
"fiplmaint@foraceindustries.com","FIPL 1 Maintenance","SMTP","Mailbox"
"FIPL1PLANNING@foracepolymers.in","FIPL 1 Planning","SMTP","Mailbox"
"FIPL2PLANNING@foracepolymers.in","FIPL2 Planning","SMTP","Mailbox"
"Civil@foracepolymers.in","Forace Civil Works","SMTP","Mailbox"
"Electrical@foracepolymers.in","Forace Electricals","SMTP","Mailbox"
"fiplhrd@foraceindustries.com","Forace Industries HR Deptt","SMTP","Mailbox"
"Quotationfipl@foraceindustries.com","Forace Industries Quotation","SMTP","Mailbox"
"randd@foraceindustries.com","Forace Industries R and D Unit 1","SMTP","Mailbox"
"kolhapur@foracepolymers.in","Forace Kolhapur Depot","SMTP","Mailbox"
"mechanical@foracepolymers.in","Forace Mechanical Deptt","SMTP","Mailbox"
"mgmt@foracepolymers.in","Forace Mgmt","SMTP","PublicDL"
"Architect@foracepolymers.in","Forace Polymers Architect","SMTP","Mailbox"
"foracefleet@foracepolymers.in","Forace Polymers Fleet","SMTP","Mailbox"
"project1@foracepolymers.in","Forace Polymers Project","SMTP","Mailbox"
"Quotationfppl@foracepolymers.in","Forace Polymers Quotation","SMTP","Mailbox"
"Tender@foracepolymers.in","Forace Polymers Tenders","SMTP","Mailbox"
"snotification@foracepolymers.in","Forace Sap Notification","SMTP","Mailbox"
"foratax@foracepolymers.in","Forace Tax Forms","SMTP","Mailbox"
"accountstpt@foracepolymers.in","Forace Transport Accounts","SMTP","Mailbox"
"fp@foracepolymers.in","fp@foracepolymers.in","SMTP","PublicDL"
"FPPLPLANNING@foracepolymers.in","FPPL Planning","SMTP","Mailbox"
"funding@foracepolymers.in","Funding Forace Polymers","SMTP","Mailbox"
"gclab@foracepolymers.in","G C Lab Forace","SMTP","Mailbox"
"gvsridhar@foracepolymers.in","G V Sridhar","SMTP","Mailbox"
"ganesh@foracepolymers.in","Ganesh Pujari","SMTP","Mailbox"
"ganeshv@foracepolymers.in","Ganeshmoorthy V","SMTP","Mailbox"
"Gauravk@foracepolymers.in","Gaurav Kumar","SMTP","Mailbox"
"ta.mdoffice@foracepolymers.in","Gaurav Porichha","SMTP","Mailbox"
"Geetanjali@foracepolymers.in","Geetanjali","SMTP","Mailbox"
"tracker@foracepolymers.in","GPS Tracking Report","SMTP","Mailbox"
"HealthMailboxLKWT290@foracepolymers.in","HealthMailboxLKWT290","SMTP","Mailbox"
"HealthMailboxSGDF178@foracepolymers.in","HealthMailboxSGDF178","SMTP","Mailbox"
"HealthMailboxYRFN6@foracepolymers.in","HealthMailboxYRFN6","SMTP","Mailbox"
"Hemant@foracepolymers.in","Hemant Karki","SMTP","Mailbox"
"vp@foracepolymers.in","Himansu Bhaumik","SMTP","Mailbox"
"hitendra@foracepolymers.in","Hitendra Singh","SMTP","Mailbox"
"Hrd@foracepolymers.in","HR Department","SMTP","Mailbox"
"itsupport@foracepolymers.in","IT Support Forace Group","SMTP","Mailbox"
"Jagan@foracepolymers.in","Jagan Eslavath","SMTP","Mailbox"
"jamshedpur@foracepolymers.in","Jamshedpur Depot","SMTP","Mailbox"
"processcontrol@foraceindustries.com","Jasveer Singh","SMTP","Mailbox"
"jaswinder@foracepolymers.in","Jaswinder Singh","SMTP","Mailbox"
"jjs@foracepolymers.in","Jayawant Jagannath Shilwant","SMTP","Mailbox"
"shankar@foracepolymers.in","K Shankar","SMTP","Mailbox"
"kvk@foracepolymers.in","K Vijayakumar","SMTP","Mailbox"
"Kcv@foracepolymers.in","Kailash Varshney","SMTP","Mailbox"
"kamalkant@foracepolymers.in","Kamalkant Mathpal","SMTP","Mailbox"
"Kishor@foracepolymers.in","Kishor Sambhaji Sutar","SMTP","Mailbox"
"labrd@foracepolymers.in","Lab R&D","SMTP","Mailbox"
