EmailAddress,Name,RoutingType,MailboxType
"Aadil.Ansari@itvnetwork.com","Aadil Ansari","SMTP","Mailbox"
"Aakash.anand@itvnetwork.com","Aakash anand","SMTP","Contact"
"Aakash.Mandal@itvnetwork.com","Aakash Mandal","SMTP","Mailbox"
"aakash.srivastava@itvnetwork.com","aakash srivastava","SMTP","Contact"
"Aamir.shafi@itvnetwork.com","Aamir shafi","SMTP","Contact"
"Aanchal.Pandey@itvnetwork.com","Aanchal Pandey","SMTP","Mailbox"
"Aarthi.Kirushnan@itvnetwork.com","Aarthi Kirushnan","SMTP","Contact"
"Aarti@itvnetwork.com","Aarti","SMTP","Mailbox"
"Aashi.Agarwal@itvnetwork.com","Aashi Agarwal","SMTP","Mailbox"
"Aashukesh.Tiwari@itvnetwork.com","Aashukesh Tiwari","SMTP","Mailbox"
"Aayushi.Verma@itvnetwork.com","Aayushi Verma","SMTP","Mailbox"
"Abanti.Roy@itvnetwork.com","Abanti Roy","SMTP","Mailbox"
"Abdul.Basheer@itvnetwork.com","Abdul Basheer","SMTP","Mailbox"
"Abdul.Rehman1@itvnetwork.com","Abdul Rehman","SMTP","Mailbox"
"Abdul.Samad@itvnetwork.com","Abdul Samad","SMTP","Mailbox"
"abhay.batra@itvnetwork.com","abhay batra","SMTP","Contact"
"abhay.kaushik1@itvnetwork.com","abhay kaushik1","SMTP","Contact"
"abhijit.bhatt@itvnetwork.com","abhijit bhatt","SMTP","Mailbox"
"AbhimanyuJha.Jha@itvnetwork.com","Abhimanyu Jha Jha","SMTP","Mailbox"
"abhimanyu.kumar@itvnetwork.com","abhimanyu kumar","SMTP","Contact"
"Abhinav.Singh@itvnetwork.com","Abhinav Singh","SMTP","Mailbox"
"Abhishek.Sharma@itvnetwork.com","Abhishek Sharma","SMTP","Mailbox"
"Abhishek.Dadsena@itvnetwork.com","Abhishek Dadsena","SMTP","Mailbox"
"Abhishek.Dixit@itvnetwork.com","Abhishek Dixit","SMTP","Mailbox"
"Abhishek.Gupta@itvnetwork.com","Abhishek Gupta","SMTP","Mailbox"
"Abhishek.Joshi@itvnetwork.com","Abhishek Joshi","SMTP","Mailbox"
"Abhishek.Karn@itvnetwork.com","Abhishek Karn","SMTP","Mailbox"
"Abhishek.Kaushik@itvnetwork.com","Abhishek Kaushik","SMTP","Mailbox"
"Abhishek.Mishra@itvnetwork.com","Abhishek Mishra","SMTP","Mailbox"
"Abhishek.Pal@itvnetwork.com","Abhishek Pal","SMTP","Mailbox"
"Abhishek.Sahu@itvnetwork.com","Abhishek Sahu","SMTP","Mailbox"
"abhishek.soam@itvnetwork.com","abhishek soam","SMTP","Contact"
"Abhishek.Tiwari@itvnetwork.com","Abhishek Tiwari","SMTP","Mailbox"
"Abhishek.Topno@itvnetwork.com","Abhishek Topno","SMTP","Mailbox"
"Abrar.Ahmed@itvnetwork.com","Abrar Ahmed","SMTP","Mailbox"
"Abul.Khan@itvnetwork.com","Abul Khan","SMTP","Mailbox"
"Aditya.Chauhan@itvnetwork.com","Aditya Chauhan","SMTP","Mailbox"
"Aditya.Kumar@itvnetwork.com","Aditya Kumar","SMTP","Mailbox"
"Admin@itvnetwork.com","Admin","SMTP","Mailbox"
"Administrator@itvnetwork.com","Administrator","SMTP","Mailbox"
"Afeefa.Ameen@itvnetwork.com","Afeefa Ameen","SMTP","Mailbox"
"Afraaz.Ahmed@itvnetwork.com","Afraaz Ahmed","SMTP","Mailbox"
"Aishwarya.Gupta@itvnetwork.com","Aishwarya Gupta","SMTP","Mailbox"
"ajay.bharti@itvnetwork.com","ajay bharti","SMTP","Mailbox"
"Ajay.Choudhary@itvnetwork.com","Ajay Choudhary","SMTP","Mailbox"
"Ajay.Dwivedi@itvnetwork.com","Ajay Dwivedi","SMTP","Mailbox"
"Ajay.Katiyar@itvnetwork.com","Ajay Katiyar","SMTP","Mailbox"
"ajay.koundal@itvnetwork.com","ajay koundal","SMTP","Mailbox"
"Ajay.Kumar@itvnetwork.com","Ajay Kumar","SMTP","Mailbox"
"Ajay.Kumar1@itvnetwork.com","Ajay Kumar1","SMTP","Mailbox"
"ajay.kumeria@itvnetwork.com","ajay kumeria","SMTP","Contact"
"Ajay.Nigam@itvnetwork.com","Ajay Nigam","SMTP","Mailbox"
"ajay.shukla@itvnetwork.com","ajay shukla","SMTP","Contact"
"Ajay.Tyagi@itvnetwork.com","Ajay Tyagi","SMTP","Mailbox"
"Ajay.Yadav@itvnetwork.com","Ajay Yadav","SMTP","Mailbox"
"Ajaykumar.Sharma@itvnetwork.com","Ajaykumar Sharma","SMTP","Mailbox"
"ajeet.singh@itvnetwork.com","ajeet singh","SMTP","Contact"
"ajeet.srivastava@itvnetwork.com","ajeet srivastava","SMTP","Mailbox"
"Aji.Rasheed@itvnetwork.com","Aji Rasheed","SMTP","Contact"
"ajit.deora@itvnetwork.com","ajit deora","SMTP","Contact"
"Ajit.Maindola@itvnetwork.com","Ajit Maindola","SMTP","Mailbox"
"ajit.singh@itvnetwork.com","ajit singh","SMTP","Contact"
"akanksha.kapoor@itvnetwork.com","akanksha kapoor","SMTP","Contact"
"Akash@itvnetwork.com","Akash","SMTP","Mailbox"
"akash.gupta@itvnetwork.com","akash gupta","SMTP","Contact"
"Akash.Mishra@itvnetwork.com","Akash Mishra","SMTP","Mailbox"
"Akash1.Mishra@itvnetwork.com","Akash1 Mishra","SMTP","Mailbox"
"Akashdeep.Barua@itvnetwork.com","Akashdeep Barua","SMTP","Mailbox"
"akhil.mahajan@itvnetwork.com","akhil mahajan","SMTP","Contact"
"akhilesh.kandwal@itvnetwork.com","akhilesh kandwal","SMTP","Mailbox"
"akhilesh.kumar@itvnetwork.com","akhilesh kumar","SMTP","Contact"
"akruti.jain@itvnetwork.com","akruti jain","SMTP","Contact"
"akshansh.bhardwaj@itvnetwork.com","akshansh bhardwaj","SMTP","Contact"
"Akshay.Jaiswal@itvnetwork.com","Akshay Jaiswal","SMTP","Mailbox"
"Akshay.Kumar@itvnetwork.com","Akshay Kumar","SMTP","Mailbox"
"Akshay.Tejan@itvnetwork.com","Akshay Tejan","SMTP","Mailbox"
"Ali.Shan@itvnetwork.com","Ali Shan","SMTP","Mailbox"
"allusers@itvnetwork.com","All Users","SMTP","PublicDL"
"Alok.Mehta@itvnetwork.com","Alok Mehta","SMTP","Mailbox"
"alok.ranjan@itvnetwork.com","alok ranjan","SMTP","Contact"
"Aman.Kumar@itvnetwork.com","Aman Kumar","SMTP","Mailbox"
"Aman.Parihar@itvnetwork.com","Aman Parihar","SMTP","Mailbox"
"Aman.Rathi@itvnetwork.com","Aman Rathi","SMTP","Mailbox"
"aman.thukral@itvnetwork.com","aman thukral","SMTP","Contact"
"Amaranatha.V@itvnetwork.com","Amaranatha V","SMTP","Mailbox"
"amarveer@itvnetwork.com","amarveer","SMTP","Mailbox"
"ameya.warange@itvnetwork.com","ameya warange","SMTP","Contact"
"Amir.KumarBishoyi@itvnetwork.com","Amir KumarBishoyi","SMTP","Mailbox"
"Amish.Khan@itvnetwork.com","Amish","SMTP","Contact"
"Amish.Mishra@itvnetwork.com","Amish Mishra","SMTP","Mailbox"
"Amisha.Singh@itvnetwork.com","Amisha Singh","SMTP","Mailbox"
"Amit@itvnetwork.com","Amit","SMTP","Mailbox"
"Amit.Banerjee@itvnetwork.com","Amit Banerjee","SMTP","Mailbox"
"Amit.Chourasia@itvnetwork.com","Amit Chourasia","SMTP","Mailbox"
"Amit.Kasana@itvnetwork.com","Amit Kasana","SMTP","Mailbox"
"Amit.Kumar@itvnetwork.com","Amit Kumar","SMTP","Mailbox"
"Amit.Kumar1@itvnetwork.com","Amit Kumar1","SMTP","Mailbox"
"Amit.Kumar2@itvnetwork.com","Amit Kumar2","SMTP","Mailbox"
"amit.kumar8@itvnetwork.com","amit kumar8","SMTP","Mailbox"
"Amit.Mishra@itvnetwork.com","Amit Mishra","SMTP","Mailbox"
