EmailAddress,Name,RoutingType,MailboxType
"B_NightShiftManagersAlathur@orchidpharma.com","_B & Night Shift Managers Alathur","SMTP","PublicDL"
"AboveDGM@orchidpharma.com","_DGM & Above","SMTP","PublicDL"
"enconadvisorycell@orchidpharma.com","_enconadvisorycell","SMTP","PublicDL"
"enconcorecell@orchidpharma.com","_Enconcorecell","SMTP","PublicDL"
"EnggInventoryTeamAlathur@orchidpharma.com","_Engg Inventory Team (Alathur)","SMTP","PublicDL"
"EngineeringProjects@orchidpharma.com","_Engg Purchase (Headoffice)","SMTP","PublicDL"
"Everyone-Alathur@orchidpharma.com","_Everyone - Alathur","SMTP","PublicDL"
"Everyone-HeadOffice@orchidpharma.com","_Everyone - HeadOffice","SMTP","PublicDL"
"Everyone-Overseas@orchidpharma.com","_Everyone - Overseas","SMTP","PublicDL"
"Everyone-Orchid@orchidpharma.com","_Everyone(Orchid)","SMTP","PublicDL"
"EveryoneDomesticFormulations@orchidpharma.com","_Everyone@DomesticFormulations","SMTP","PublicDL"
"GmAbove-Overseas@orchidpharma.com","_GM & Above (Overseas)","SMTP","PublicDL"
"abovegm@orchidpharma.com","_GM and Above (India)","SMTP","PublicDL"
"HODsAlathur@orchidpharma.com","_HODs@Alathur","SMTP","PublicDL"
"HrAlathur@orchidpharma.com","_Hr@Alathur","SMTP","PublicDL"
"hrddept@orchidpharma.com","_HR@Corporate","SMTP","PublicDL"
"Instrument_ISOTeam@orchidpharma.com","_Instrument_ISO Team","SMTP","PublicDL"
"_Leapteam@orchidpharma.com","_Leapteam","SMTP","PublicDL"
"_MechanicalAlathur@orchidpharma.com","_Mechanical@Alathur","SMTP","PublicDL"
"_MechManagerAlathur@orchidpharma.com","_MechManager@Alathur","SMTP","PublicDL"
"OrchidOCSUsers@orchidpharma.com","_OrchidOCSUsers","SMTP","PublicDL"
"Plant-InchargesSterileAlathur@orchidpharma.com","_Plant-Incharges@SterileAlathur","SMTP","PublicDL"
"PowerManagement@orchidpharma.com","_Power Management@Alathur","SMTP","PublicDL"
"ProductivityAdvisory@orchidpharma.com","_Productivity Advisory","SMTP","PublicDL"
"recoveryalathurPhase-05@orchidpharma.com","_recovery@alathur (Phase-05)","SMTP","PublicDL"
"SafetyDailyReportGroup-Factory@orchidpharma.com","_Safety Ala Daily Report","SMTP","PublicDL"
"Saftyalathur@orchidpharma.com","_Safety Ala Group","SMTP","PublicDL"
"SSCAlathur@orchidpharma.com","_Safety Ala SSC","SMTP","PublicDL"
"Communicationstalathur@orchidpharma.com","_Safety Ala ST Communication","SMTP","PublicDL"
"CSM_ST_Alathur@orchidpharma.com","_Safety Ala ST CSM","SMTP","PublicDL"
"ERCPSiteTeamAlathur@orchidpharma.com","_Safety Ala ST ERCP","SMTP","PublicDL"
"HighSTDSiteTeam@orchidpharma.com","_Safety Ala ST HS","SMTP","PublicDL"
"INCIINVTeam-Ala@orchidpharma.com","_Safety Ala ST Inc Inv","SMTP","PublicDL"
"MITeam@orchidpharma.com","_Safety Ala ST MI","SMTP","PublicDL"
"SafetyAlaSTPHA@orchidpharma.com","_Safety Ala ST PHA","SMTP","PublicDL"
"SafetyAlaSTPSI@orchidpharma.com","_Safety Ala ST PSI","SMTP","PublicDL"
"soa-siteteam@orchidpharma.com","_Safety Ala ST SOA","SMTP","PublicDL"
"TRGSITETEAM-ALA@orchidpharma.com","_Safety Ala ST Training","SMTP","PublicDL"
"CSCOCPL@orchidpharma.com","_Safety CSC","SMTP","PublicDL"
"Safety-Subcommittee-Communication@orchidpharma.com","_Safety SC Communication","SMTP","PublicDL"
"ERCPSubCommittee@orchidpharma.com","_Safety SC ERCP","SMTP","PublicDL"
"SafetySCPSM-I@orchidpharma.com","_Safety SC PSM - I","SMTP","PublicDL"
"SafetySCSOA@orchidpharma.com","_Safety SC SOA","SMTP","PublicDL"
"TRGSUBCOMTEAM@orchidpharma.com","_Safety SC Training","SMTP","PublicDL"
"Shift-InchargesSterileAlathur@orchidpharma.com","_Shift-Incharges@SterileAlathur","SMTP","PublicDL"
"SolventRecoveryAlathur@orchidpharma.com","_SolventRecovery@Alathur","SMTP","PublicDL"
"SSCFloorRepsHO@orchidpharma.com","_SSC Floor Reps@HO","SMTP","PublicDL"
"SSCHO@orchidpharma.com","_SSC@HO","SMTP","PublicDL"
"adilbashaa@orchidpharma.com","Adil Basha A (Secretarial)","SMTP","Mailbox"
"ala_qa_scan@orchidpharma.com","ALA_QA_SCAN (QA)","SMTP","Mailbox"
"alaconf@orchidpharma.com","Ala-OCS-Conference-01","SMTP","Mailbox"
"alathurisw@orchidpharma.com","Alathur ISW","SMTP","Mailbox"
"anandhak@orchidpharma.com","Anandha Kumar V G (Quality Assurance)","SMTP","Mailbox"
"Anbu@orchidpharma.com","Anbazhagan J (RM Stores)","SMTP","Mailbox"
"anilkumarp@orchidpharma.com","Anil Kumar Pandey (Analytical)","SMTP","Mailbox"
"martin@orchidpharma.com","Antony Martin (phase -21)","SMTP","Mailbox"
"arasur@orchidpharma.com","Arasu R T (Quality Control)","SMTP","Mailbox"
"aravindhg@orchidpharma.com","Aravindh G (Electrical)","SMTP","Mailbox"
"arjundhanuka@orchidpharma.com","Arjun Dhanuka (Corporate)","SMTP","Mailbox"
"arvindhd@orchidpharma.com","Arvindh D (Manufacturing Excellence)","SMTP","Mailbox"
"ashok@orchidpharma.com","Ashok Clifford (HRD)","SMTP","Mailbox"
"athinarayananr@orchidpharma.com","Athinarayanan R (Commercial)","SMTP","Mailbox"
"Ayyanarac@orchidpharma.com","Ayyanarac","SMTP","Mailbox"
"baburaog@orchidpharma.com","Baburao G (Utility)","SMTP","Mailbox"
"balaamutharajans@orchidpharma.com","Bala Amutharajan S (Quality Control)","SMTP","Mailbox"
"balas@orchidpharma.com","Bala Subramanian T (Utility)","SMTP","Mailbox"
"balajivk@orchidpharma.com","Balaji V (Information Technology)","SMTP","Mailbox"
"balakrishnanm@orchidpharma.com","Balakrishnan M (OHC-F2)","SMTP","Mailbox"
"balamuruganp@orchidpharma.com","Balamurugan P (Sterile Maintenance)","SMTP","Mailbox"
"baskarpv@orchidpharma.com","Baskar P V (Civil)","SMTP","Mailbox"
"biometric@orchidpharma.com","Biometric (Admin)","SMTP","Mailbox"
"Boiler_ShiftIncharge@orchidpharma.com","Boiler Shift Incharge (Utility)","SMTP","Mailbox"
"calistusrajeshj@orchidpharma.com","Calistus Rajesh J (Engineering Purchase)","SMTP","Mailbox"
"chellapandid@orchidpharma.com","Chellapandi D (Engineering)","SMTP","Mailbox"
"chetanaravipati@orchidpharma.com","Chetana Ravipati (Information Technology)","SMTP","Mailbox"
"Corporate@orchidpharma.com","Corporate ID","SMTP","Mailbox"
"costauditor@orchidpharma.com","Cost Auditor (Finance & Accounts)","SMTP","Mailbox"
"crispins@orchidpharma.com","Crispin S (Process Engineering)","SMTP","Mailbox"
"CTD-Synthesis-Team@orchidpharma.com","CTD-Synthesis-Team (CTD)","SMTP","Mailbox"
"damodharans@orchidpharma.com","Damodharan S (Electrical)","SMTP","Mailbox"
"DespatchDF@orchidpharma.com","Despatch DF (Domestic Formulations)","SMTP","Mailbox"
"Dhanashekar@orchidpharma.com","Dhanasekar P (Excise)","SMTP","Mailbox"
"dharamvir@orchidpharma.com","Dharam Vir Dr. (Corporate)","SMTP","Mailbox"
"dhinakaranv@orchidpharma.com","Dhinakaran V (Administration)","SMTP","Mailbox"
"dinakarane@orchidpharma.com","Dinakaran E (PHASE-19)","SMTP","Mailbox"
"DiscoverySearchMailbox{D919BA05-46A6-415f-80AD-7E09334BB852}@orchidpharma.com","DiscoverySearchMailbox {D919BA05-46A6-415f-80AD-7E09334BB852}","SMTP","Mailbox"
"dmplant@orchidpharma.com","DM Plant (Environment Management)","SMTP","Mailbox"
"dqarnd@orchidpharma.com","DQA RND (DQA)","SMTP","Mailbox"
"Jaikumarm@orchidpharma.com","Dr. Jaikumar M (Environment Management)","SMTP","Mailbox"
"Draughtsman@orchidpharma.com","Draughtsman","SMTP","Mailbox"
"DrugSafety@orchidpharma.com","Drug Safety","SMTP","Mailbox"
"ebenezerp@orchidpharma.com","Ebenezer Ponnuraj (PHASE XXV)","SMTP","Mailbox"
"Ecology_Shift@orchidpharma.com","Ecology_Shift (Environment Management)","SMTP","Mailbox"
"electrical@orchidpharma.com","electrical","SMTP","Mailbox"
"electricalala@orchidpharma.com","Electrical Ala (110 KV-Sub station)","SMTP","Mailbox"
"electricalcad@orchidpharma.com","Electrical Cad","SMTP","Mailbox"
"ElectricalGroup@orchidpharma.com","Electrical Group [Factory]","SMTP","PublicDL"
"elepvm1@orchidpharma.com","Elepvm1 (Electrical)","SMTP","Mailbox"
"elepvm2@orchidpharma.com","Elepvm2 (Electrical)","SMTP","Mailbox"
"Elumalaie@orchidpharma.com","Elumalai E (Phase-14)","SMTP","Mailbox"
