EmailAddress,Name,RoutingType,MailboxType
"abhilashts@bioneeds.in","ABHILASH T S","SMTP","Mailbox"
"abhisheksr@bioneeds.in","abhisheksr","SMTP","Mailbox"
"accounts@bioneeds.in","accounts","SMTP","Mailbox"
"adler@bioneeds.in","adler","SMTP","Mailbox"
"admin@bioneeds.in","admin","SMTP","Mailbox"
"adminkogniz2@bioneeds.in","admin kogniz2","SMTP","Mailbox"
"Administrator@bioneeds.in","Administrator","SMTP","Mailbox"
"adminkogniz@bioneeds.in","adminkogniz","SMTP","Mailbox"
"af@bioneeds.in","af","SMTP","Mailbox"
"agrotesting@bioneeds.in","agrotesting","SMTP","Mailbox"
"Aiswarya@bioneeds.in","Aiswarya G","SMTP","Mailbox"
"Akila@bioneeds.in","Akila G","SMTP","Mailbox"
"alerts@bioneeds.in","alerts","SMTP","Mailbox"
"amulya@bioneeds.in","AMULYA T S","SMTP","Mailbox"
"Amzadkhan@bioneeds.in","Amzad Khan","SMTP","Mailbox"
"Amzad@bioneeds.in","Amzadkhan Bellary","SMTP","Mailbox"
"anand@bioneeds.in","ANAND H K","SMTP","Mailbox"
"Anandmohan@bioneeds.in","Anand Mohan","SMTP","Mailbox"
"anil@bioneeds.in","ANILKUMAR N H","SMTP","Mailbox"
"anindita@bioneeds.in","ANINDITA MUKHOPADHYAY","SMTP","Mailbox"
"Anirudh@bioneeds.in","Anirudh A","SMTP","Mailbox"
"anisha@bioneeds.in","Anisha B R","SMTP","Mailbox"
"anithats@bioneeds.in","ANITHA T S","SMTP","Mailbox"
"Anjana@bioneeds.in","Anjana Rammohan","SMTP","Mailbox"
"annappa@bioneeds.in","ANNAPPA M","SMTP","Mailbox"
"anugna@bioneeds.in","ANUGNA M","SMTP","Mailbox"
"archanad@bioneeds.in","ARCHANA DAGGU","SMTP","Mailbox"
"arshiya@bioneeds.in","ARSHIYA KHANUM Z","SMTP","Mailbox"
"Arun@bioneeds.in","Arun Govind","SMTP","Mailbox"
"Arunkumar@bioneeds.in","Arun Kumar S","SMTP","Mailbox"
"asha@bioneeds.in","asha","SMTP","Mailbox"
"ashokraj@bioneeds.in","ASHOK R","SMTP","Mailbox"
"ashoka@bioneeds.in","ashoka","SMTP","Mailbox"
"ashokkumar@bioneeds.in","ashokkumar","SMTP","Mailbox"
"avildsouza@bioneeds.in","AVIL D SOUZA","SMTP","Mailbox"
"avinash@bioneeds.in","AVINASH TARIKERI","SMTP","Mailbox"
"Ayesha@bioneeds.in","Ayesha Siddiqua K","SMTP","Mailbox"
"balagangadhar@bioneeds.in","BALAGANGADHARA B C","SMTP","Mailbox"
"balakrishna@bioneeds.in","BALAKRISHNA A","SMTP","Mailbox"
"baskar@bioneeds.in","baskar","SMTP","Mailbox"
"bd@bioneeds.in","bd","SMTP","Mailbox"
"bd2@bioneeds.in","bd2","SMTP","Mailbox"
"Bhagath@bioneeds.in","Bhagath D L","SMTP","Mailbox"
"bharathb@bioneeds.in","BHARATH B B","SMTP","Mailbox"
"Bharath.KT@bioneeds.in","Bharath K T","SMTP","Mailbox"
"Bharath.K@bioneeds.in","Bharath Kalasetty","SMTP","Mailbox"
"Bharath@bioneeds.in","Bharath T D","SMTP","Mailbox"
"bhargavi@bioneeds.in","BHARGAVI P V","SMTP","Mailbox"
"R.Bhaskar@bioneeds.in","Bhaskar R","SMTP","Mailbox"
"bhavanas@bioneeds.in","BHAVANA S","SMTP","Mailbox"
"Bhavya@bioneeds.in","Bhavya G","SMTP","Mailbox"
"bindu@bioneeds.in","bindu","SMTP","Mailbox"
"Bindup@bioneeds.in","Bindu P","SMTP","Mailbox"
"Bio_Analytical@bioneeds.in","Bio_Analytical","SMTP","PublicDL"
"bioneeds@bioneeds.in","Bioneeds","SMTP","Mailbox"
"BioneedsShare@bioneeds.in","Bioneeds Share","SMTP","Mailbox"
"Bioneeds.Print@bioneeds.in","Bioneeds.Print BioneedsPrint","SMTP","Mailbox"
"bioneeds@gmail.com","bioneeds_gmail","SMTP","Contact"
"bopanna@bioneeds.in","BOPANNA M S","SMTP","Mailbox"
"brahmareddy@bioneeds.in","brahmareddy","SMTP","Mailbox"
"Brunda@bioneeds.in","Brunda V","SMTP","Mailbox"
"chaithra@bioneeds.in","CHAITHRA E","SMTP","Mailbox"
"Chaithra.LS@bioneeds.in","Chaithra L S","SMTP","Mailbox"
"chaitra@bioneeds.in","Chaitra G","SMTP","Mailbox"
"chandrashekar@bioneeds.in","CHANDRASHEKAR G","SMTP","Mailbox"
"chandrika@bioneeds.in","chandrika","SMTP","Mailbox"
"chandru@bioneeds.in","chandru","SMTP","Mailbox"
"chandruh@bioneeds.in","chandruh","SMTP","Mailbox"
"changappa@bioneeds.in","CHANGAPPA KANAGAMAKULA","SMTP","Mailbox"
"channesh@bioneeds.in","CHANNESH T B","SMTP","Mailbox"
"Chethan.bj@bioneeds.in","Chethan B J","SMTP","Mailbox"
"Chethan.Gowda@bioneeds.in","Chethan Gowda Y S","SMTP","Mailbox"
"Chethan.M@bioneeds.in","Chethan M N","SMTP","Mailbox"
"Chethana@bioneeds.in","Chethana A","SMTP","Mailbox"
"chidananda@bioneeds.in","CHIDANANDA S","SMTP","Mailbox"
"chikkaraju@bioneeds.in","CHIKKA RAJU J K","SMTP","Mailbox"
"china@bioneeds.in","china","SMTP","Mailbox"
"clarice@bioneeds.in","CLARICE GUSTUV","SMTP","Mailbox"
"darshanks@bioneeds.in","Darshan K S","SMTP","Mailbox"
"dd@bioneeds.in","dd","SMTP","Mailbox"
"deepa@bioneeds.in","DEEPA K V","SMTP","Mailbox"
"deepika@bioneeds.in","DEEPIKA K B","SMTP","Mailbox"
"Deepthi@bioneeds.in","Deepthi R","SMTP","Mailbox"
"dileep@bioneeds.in","dileep","SMTP","Mailbox"
"Dileep.H@bioneeds.in","Dileep H U","SMTP","Mailbox"
"divyab@bioneeds.in","DIVYA","SMTP","Mailbox"
"Divyac@bioneeds.in","Divya C A.","SMTP","Mailbox"
"divyat@bioneeds.in","DIVYA T K","SMTP","Mailbox"
"durgesh@bioneeds.in","durgesh","SMTP","Mailbox"
"ess.hr@bioneeds.in","ESS.HR BIONEEDS","SMTP","Mailbox"
"exmailadmin@bioneeds.in","Exmailadmin","SMTP","Mailbox"
"finance@bioneeds.in","finance","SMTP","Mailbox"
"Finance2@bioneeds.in","Finance","SMTP","PublicDL"
"gagana@bioneeds.in","GAGANA S M","SMTP","Mailbox"
"ganeshshastry@bioneeds.in","ganeshshastry","SMTP","Mailbox"
"gangadhar@bioneeds.in","GANGADHAR K","SMTP","Mailbox"
"gautami@bioneeds.in","gautami","SMTP","Mailbox"
"geethagn@bioneeds.in","GEETHA G N","SMTP","Mailbox"
"geethah@bioneeds.in","GEETHA H","SMTP","Mailbox"
"Geethak@bioneeds.in","Geetha K","SMTP","Mailbox"
