EmailAddress,Name,RoutingType,MailboxType
"ajasper@universalsompo.com","A Jasper Singh","SMTP","Mailbox"
"al.ravikumar@universalsompo.com","A Lazer Ravikumar","SMTP","Mailbox"
"apalanisamynaicker@gmail.com","A PALANISAMY","SMTP","Contact"
"a.rajesham@universalsompo.com","A Rajesham","SMTP","Mailbox"
"arajesham@universalsompo.co.in","A Rajesham","SMTP","Contact"
"a.vadivelu@universalsompo.com","A Vadivelu","SMTP","Mailbox"
"KURESHI0607@GMAIL.COM","AADIL KHAN QURESHI","SMTP","Contact"
"aagrawal.backup@universalsompo.com","aagrawal backup","SMTP","Mailbox"
"AKASHSINGH9469@GMAIL.COM","AAKASH","SMTP","Contact"
"aakash.kamble@universalsompo.com","Aakash Ashok Kamble\Operations\Mahape","SMTP","Mailbox"
"MAURYA.AAKASH4466@GMAIL.COM","AAKASH RAVIKANT MAURYA","SMTP","Contact"
"ushman25@gmail.com","AAMIR","SMTP","Contact"
"SHIVAT18@GMAIL.COM","AARTI","SMTP","Contact"
"aarti.kamath@universalsompo.com","Aarti Kamath","SMTP","Mailbox"
"aartisharma2600@gmail.com","AARTI SHARMA","SMTP","Contact"
"AARUUSHISHARMA94@YAHOO.CO.IN","AARUSHI SHARMA","SMTP","Contact"
"aashay.khawte@universalsompo.com","Aashay Rajiv Khawte","SMTP","Mailbox"
"aashi.saraf@universalsompo.com","Aashi Saraf","SMTP","Mailbox"
"aba.allahabad@universalsompo.co.in","aba allahabad","SMTP","Contact"
"aba.asansol@universalsompo.co.in","aba asansol","SMTP","Contact"
"aba.aurangabad@universalsompo.com","ABA Aurangabad","SMTP","Mailbox"
"aba.cuttack@universalsompo.co.in","aba cuttack","SMTP","Contact"
"aba.jammu@universalsompo.co.in","aba jammu","SMTP","Contact"
"aba.muzaffarpur@universalsompo.com","aba muzaffarpur","SMTP","Mailbox"
"aba.ahmedabad@universalsompo.co.in","aba.ahmedabad","SMTP","Contact"
"aba.alwar@universalsompo.co.in","aba.alwar","SMTP","Contact"
"aba.bangalore@universalsompo.co.in","aba.bangalore","SMTP","Contact"
"aba.baroda@universalsompo.co.in","aba.baroda","SMTP","Contact"
"aba.bhopal@universalsompo.co.in","aba.bhopal","SMTP","Contact"
"aba.bhubaneshwar@universalsompo.co.in","aba.bhubaneshwar","SMTP","Contact"
"aba.chandigarh@universalsompo.co.in","aba.chandigarh","SMTP","Contact"
"aba.chennai1@universalsompo.co.in","aba.chennai1","SMTP","Contact"
"aba.chennai2@universalsompo.co.in","aba.chennai2","SMTP","Contact"
"aba.cochin@universalsompo.co.in","aba.cochin","SMTP","Contact"
"aba.coimbatore@universalsompo.co.in","aba.coimbatore","SMTP","Contact"
"aba.delhi@universalsompo.co.in","aba.delhi","SMTP","Contact"
"aba.gurgaon@universalsompo.co.in","aba.gurgaon","SMTP","Contact"
"aba.guwahati@universalsompo.co.in","aba.guwahati","SMTP","Contact"
"aba.haldwani@universalsompo.co.in","aba.haldwani","SMTP","Contact"
"aba.hubli@universalsompo.co.in","aba.hubli","SMTP","Contact"
"aba.hyderabad@universalsompo.co.in","aba.hyderabad","SMTP","Contact"
"aba.indore@universalsompo.co.in","aba.indore","SMTP","Contact"
"aba.jabalpur@universalsompo.com","aba.jabalpur","SMTP","Mailbox"
"aba.jaipur@universalsompo.co.in","aba.jaipur","SMTP","Contact"
"aba.jalandhar@universalsompo.co.in","aba.jalandhar","SMTP","Contact"
"aba.jamshedpur@universalsompo.co.in","aba.jamshedpur","SMTP","Contact"
"aba.kanpur@universalsompo.co.in","aba.kanpur","SMTP","Contact"
"aba.kolkata@universalsompo.co.in","aba.kolkata","SMTP","Contact"
"aba.kota@universalsompo.co.in","aba.kota","SMTP","Contact"
"aba.lucknow@universalsompo.co.in","aba.lucknow","SMTP","Contact"
"aba.ludhiana@universalsompo.co.in","aba.ludhiana","SMTP","Contact"
"aba.mangalore@universalsompo.co.in","aba.mangalore","SMTP","Contact"
"aba.mumbaiandheri@universalsompo.co.in","aba.mumbaiandheri","SMTP","Contact"
"aba.mumbaiborivali@universalsompo.co.in","aba.mumbaiborivali","SMTP","Contact"
"aba.mumbaidadar@universalsompo.co.in","aba.mumbaidadar","SMTP","Contact"
"aba.mumbaithane@universalsompo.co.in","aba.mumbaithane","SMTP","Contact"
"aba.mumbaivashi@universalsompo.co.in","aba.mumbaivashi","SMTP","Contact"
"aba.mysore@universalsompo.co.in","aba.mysore","SMTP","Contact"
"aba.nagpur@universalsompo.co.in","aba.nagpur","SMTP","Contact"
"aba.nashik@universalsompo.co.in","aba.nashik","SMTP","Contact"
"aba.noida@universalsompo.co.in","aba.noida","SMTP","Contact"
"aba.patna@universalsompo.co.in","aba.patna","SMTP","Contact"
"aba.pune@universalsompo.co.in","aba.pune","SMTP","Contact"
"aba.raghunathganj@universalsompo.co.in","aba.raghunathganj","SMTP","Contact"
"aba.raipur@universalsompo.co.in","aba.raipur","SMTP","Contact"
"aba.ranchi@universalsompo.co.in","aba.ranchi","SMTP","Contact"
"aba.shimoga@universalsompo.co.in","aba.shimoga","SMTP","Contact"
"aba.siliguri@universalsompo.co.in","aba.siliguri","SMTP","Contact"
"aba.southdelhi@universalsompo.co.in","aba.southdelhi","SMTP","Contact"
"aba.southmumbai@universalsompo.co.in","aba.southmumbai","SMTP","Contact"
"aba.surat@universalsompo.co.in","aba.surat","SMTP","Contact"
"aba.udaipur@universalsompo.co.in","aba.udaipur","SMTP","Contact"
"aba.varanasi@universalsompo.co.in","aba.varanasi","SMTP","Contact"
"aba.vijaywada@universalsompo.co.in","aba.vijaywada","SMTP","Contact"
"aba.visakhapatnam@universalsompo.co.in","aba.visakhapatnam","SMTP","Contact"
"abad.chandkheda@ktkbank.com","abad.chandkheda-ktkbank","SMTP","Contact"
"abad.maninagar@ktkbank.com","abad.maninagar-ktkbank","SMTP","Contact"
"abad.memnagar@ktkbank.com","abad.memnagar-ktkbank","SMTP","Contact"
"abad.navarangpura@ktkbank.com","abad.navarangpura-ktkbank","SMTP","Contact"
"abanksupport@universalsompo.com","abanksupport","SMTP","PublicDL"
"abaogb.odisha@universalsompo.co.in","abaogb.odisha","SMTP","Contact"
"ABAUSGI@universalsompo.com","ABAUSGI","SMTP","PublicDL"
"abdul.jabeel@universalsompo.com","Abdul Jabeel","SMTP","Mailbox"
"ABDUL.WAHID1505@GMAIL.COM","ABDUL WAHID CHAUDHARY","SMTP","Contact"
"ABDUR.RARID@GMAIL.COM","ABDUR RASHID MONDAL","SMTP","Contact"
"MK1969KUMAR@GMAIL.Com","ABHA KUMARI","SMTP","Contact"
"abhay.asthana@universalsompo.com","Abhay Asthana","SMTP","Mailbox"
"ABHAYVERMA399@GMAIL.COM","ABHAY KUMAR","SMTP","Contact"
"MR.ABHAY100@GMAIL.COM","ABHAY KUMAR GAUTAM","SMTP","Contact"
"abhay.singh@universalsompo.com","Abhay Pratap Singh","SMTP","Mailbox"
"adeshpande@universalsompo.com","Abhijeet Deshpande\Business Integration\Airoli - Corporate","SMTP","Mailbox"
"abhijeet.dhamale@universalsompo.com","Abhijeet Dhamale\Head - Legal & Chief Compliance Officer\HO - Mu","SMTP","Mailbox"
"abhijeet.kinjale@universalsompo.com","Abhijeet Kinjale","SMTP","Mailbox"
"abhijit.debnath@universalsompo.com","Abhijit Debnath","SMTP","Mailbox"
"abhijit.subhash@universalsompo.com","Abhijit Subhash","SMTP","Mailbox"
"abhijit.sawant@universalsompo.com","Abhijit Vijay. Sawant","SMTP","Mailbox"
"abhilash.panchal@universalsompo.com","Abhilash Panchal/Branch Manager/Ahmedabad","SMTP","Mailbox"
"abhilash.r@universalsompo.com","Abhilash R","SMTP","Mailbox"
"SGR593@GMAIL.COM","ABHILASH VIKRAMAN NAIR","SMTP","Contact"
"abhinandan.pandey@universalsompo.com","Abhinandan Pandey","SMTP","Mailbox"
