EmailAddress,Name,RoutingType,MailboxType
"6SigmaInsurance@gainwellindia.com","6 Sigma Insurance Project Team","SMTP","PublicDL"
"6sigmainsurance1@gainwellindia.com","6 Sigma Insurance Project Team PME Users","SMTP","Contact"
"6SigmaGB@gainwellindia.com","6SigmaGBGroup","SMTP","PublicDL"
"6sigmagb-1@gainwellindia.com","6SigmaGBGroup Linux Users","SMTP","Contact"
"sabir.raihan@gainwellindia.com","A K Sabir Raihan","SMTP","Contact"
"A.Surya@gainwellindia.com","A. Surya","SMTP","Contact"
"aakash.gupta@gainwellindia.com","Aakash Gupta","SMTP","Contact"
"aakil.wani@gainwellindia.com","Aakil Ayub Wani","SMTP","Contact"
"aakshita.saxena@gainwellindia.com","Aakshita Saxena","SMTP","Contact"
"appraisers1@gainwellindia.com","Aappraisers Linux Users","SMTP","Contact"
"Aas.Mohammad@gainwellindia.com","Aas Mohammad","SMTP","Contact"
"Aashish.Saxena@gcplgainwellindia.onmicrosoft.com","Aashish Saxena","SMTP","Contact"
"aatish.kumar@gainwellindia.com","Aatish Kumar","SMTP","Contact"
"abakash.puhan@gainwellindia.com","Abakash Puhan","SMTP","Contact"
"abdul.pailan@gainwellindia.com","Abdul Hai Pailan","SMTP","Contact"
"abhay.samal@gainwellindia.com","Abhay Kumar Samal","SMTP","Mailbox"
"Abhay.Sharma@gainwellindia.com","Abhay Kumar Sharma","SMTP","Contact"
"abhijeet.lye@gainwellindia.com","Abhijeet Kumar Lye","SMTP","Contact"
"Abhijit.Chakraborty@gcplgainwellindia.onmicrosoft.com","Abhijit Chakraborty","SMTP","Contact"
"abhijit.hota@gainwellindia.com","Abhijit Hota","SMTP","Contact"
"Abhijit.Padhye@gainwellindia.com","Abhijit Ramdas Padhye","SMTP","Mailbox"
"Abhilash.Pillai@gainwellindia.com","Abhilash S Pillai","SMTP","Mailbox"
"abhinandan.shahi@gainwellindia.com","Abhinandan Kumar Shahi","SMTP","Contact"
"abhinav.tiwari@gainwellindia.com","Abhinav Tiwari","SMTP","Contact"
"abhisek.basak@gainwellindia.com","Abhisek Basak","SMTP","Contact"
"abhisek.goswami@gainwellindia.com","Abhisek Goswami","SMTP","Contact"
"abhisek.nayak@gainwellindia.com","Abhisek Nayak","SMTP","Contact"
"abhishek.osta@gainwellindia.com","Abhishek Osta","SMTP","Contact"
"abhishek.bhattacharya@gainwellindia.com","Abhishek Bhattacharya","SMTP","Mailbox"
"abhishek.dasaundhi@gainwellindia.com","Abhishek Dasaundhi","SMTP","Contact"
"abhishek.dey@gainwellindia.com","Abhishek Dey","SMTP","Contact"
"abhishek.goswami@gainwellindia.com","Abhishek Goswami","SMTP","Contact"
"Abhishek.Haldar@gainwellindia.com","Abhishek Haldar","SMTP","Mailbox"
"abhishek.jacob@gmail.com","Abhishek Jacob","SMTP","Contact"
"abhishek.kumar3@gainwellindia.com","Abhishek Kumar","SMTP","Contact"
"abhishek.agarwal@gainwellindia.com","Abhishek Kumar Agarwal","SMTP","Contact"
"abhishek.singh3@gainwellindia.com","Abhishek Kumar Singh3","SMTP","Contact"
"abhishek.kumar1@gainwellindia.com","Abhishek Kumar1","SMTP","Contact"
"abhishek.malhotra@gainwellindia.com","Abhishek Malhotra","SMTP","Contact"
"Abhishek.Sandilya@gcplgainwellindia.onmicrosoft.com","Abhishek Sandilya","SMTP","Contact"
"abhishek.shrivastava@gainwellindia.com","Abhishek Shrivastava","SMTP","Contact"
"Abhishek.Singh2@gainwellindia.com","Abhishek Singh","SMTP","Mailbox"
"abin.jose@gainwellindia.com","Abin Jose","SMTP","Contact"
"abir.adhikari@gcplgainwellindia.onmicrosoft.com","Abir Adhikari","SMTP","Contact"
"abir.chatterjee@gainwellindia.com","Abir Chatterjee","SMTP","Contact"
"accn.support@gainwellindia.com","accn support","SMTP","Mailbox"
"accounts.nr@gainwellindia.com","Accounts NR","SMTP","Contact"
"Aditi.Singh@gcplgainwellindia.onmicrosoft.com","Aditi Singh","SMTP","Contact"
"aditya.rao@gainwellindia.com","Aditya Kishan Rao","SMTP","Contact"
"aditya.shukla@gainwellindia.com","Aditya Kumar Shukla","SMTP","Contact"
"aditya.rathore@gainwellindia.com","Aditya Vikram Singh Rathore","SMTP","Contact"
"admin@gainwellindia.com","Admin","SMTP","Contact"
"admin@dev.tipl.com","Admin Dev","SMTP","Contact"
"admin@tiplindia.com","Admin TIPL","SMTP","Contact"
"Administrator@gainwellindia.com","Administrator","SMTP","Mailbox"
"rajesh@gainwellindia.com","Administrator","SMTP","Contact"
"Adyut.Paul@gainwellindia.com","Adyut Paul","SMTP","Mailbox"
"afshar.hussain@gainwellindia.com","Afshar Hussain","SMTP","Contact"
"Aftab.Alam@gainwellindia.com","Aftab Alam","SMTP","Mailbox"
"aftab.ali@gainwellindia.com","Aftab Ali","SMTP","Contact"
"Agucha.Hms@gainwellindia.com","Agucha Hms","SMTP","Mailbox"
"aithagani.ganesh@gainwellindia.com","Aithagani Ganesh","SMTP","Contact"
"ajay.banerjee@gainwellindia.com","Ajay Banerjee","SMTP","Contact"
"Ajay.Kumar2@gainwellindia.com","Ajay Kumar","SMTP","Mailbox"
"ajay.kumar@gainwellindia.com","Ajay Kumar","SMTP","Contact"
"ajay.singh@gainwellindia.com","Ajay Kumar Singh","SMTP","Contact"
"ajay.bhagat@gainwellindia.com","Ajay Kumar Bhagat","SMTP","Contact"
"Ajay.KumarBhan@gainwellindia.com","Ajay Kumar Bhan","SMTP","Mailbox"
"Ajay.Choudhary@gainwellindia.com","Ajay Kumar Choudhary","SMTP","Mailbox"
"ajaykumar.das@gainwellindia.com","Ajay Kumar Das","SMTP","Contact"
"Ajay.Singh@gcplgainwellindia.onmicrosoft.com","Ajay Kumar Singh","SMTP","Contact"
"Ajay.Sharma@gainwellindia.com","Ajay Sharma","SMTP","Mailbox"
"ajay.tewari@gainwellindia.com","Ajay Tewari","SMTP","Contact"
"ajay.yadav2@gainwellindia.com","Ajay Yadav 2","SMTP","Contact"
"ajeet.upadhyay@gainwellindia.com","Ajeet Kumar Upadhyay","SMTP","Contact"
"ajit.sahu@gainwellindia.com","Ajit Kumar Sahu","SMTP","Contact"
"ajit.shrivastava@gainwellindia.com","Ajit Kumar Shrivastava","SMTP","Contact"
"ajit.upadhyay@gainwellindia.com","Ajit Kumar Upadhyay","SMTP","Contact"
"ajit.kumar1@gainwellindia.com","Ajit Kumar1","SMTP","Contact"
"ajit.minj@gainwellindia.com","Ajit Minj","SMTP","Contact"
"ajit.singh@gainwellindia.com","Ajit Singh","SMTP","Contact"
"ajit.chauhan@gainwellindia.com","Ajit Singh Chauhan","SMTP","Contact"
"Ajith.Kumar@gainwellindia.com","Ajith Kumar","SMTP","Mailbox"
"ajmeera.vamshi@gainwellindia.com","Ajmeera Vamshi","SMTP","Contact"
"ajmer.singh@gainwellindia.com","Ajmer Singh","SMTP","Contact"
"ajoy.pal@gainwellindia.com","Ajoy Pal","SMTP","Contact"
"Akanksha.Chaturvedi@gainwellindia.com","Akanksha Chaturvedi","SMTP","Mailbox"
"akash.chaurasia@gainwellindia.com","Akash Chaurasia","SMTP","Contact"
"Akhil.Attri@gcplgainwellindia.onmicrosoft.com","Akhil Attri","SMTP","Contact"
"akhil.kumar@gainwellindia.com","Akhil Kumar","SMTP","Contact"
"akhilesh.karna@tractorsnepal.com","Akhiles Karna","SMTP","Contact"
"akhilesh.tripathi@gainwellindia.com","Akhilesh Kumar Tripathi","SMTP","Contact"
"akshay.jarial@gainwellindia.com","Akshay Jarial","SMTP","Contact"
"akshay.kumar@gainwellindia.com","Akshay Kumar","SMTP","Contact"
"akshay.sharma@sitechindia-ne.com","Akshay Sharma","SMTP","Contact"
"Akshaya.Pattanaik@gainwellindia.com","Akshaya Pattanaik","SMTP","Mailbox"
"Alakesh.Dey@gainwellindia.com","Alakesh Dey","SMTP","Mailbox"
"ali.khan@gainwellindia.com","Ali Sadiq","SMTP","Contact"
"AlishaSingh@gainwellindia.com","Alisha Singh","SMTP","Mailbox"
"allam.sree@gainwellindia.com","Allam Navya Sree","SMTP","Contact"
