EmailAddress,Name,RoutingType,MailboxType
"__@mahagst.gov.in","/?","SMTP","PublicDL"
"lawand.as@mahagst.gov.in","Aabaso Shrikant Lawand","SMTP","Mailbox"
"Rajebhosa.Ag@mahagst.gov.in","Aakash Gulabrao Rajebhosale","SMTP","Mailbox"
"Khobragad.Ak@mahagst.gov.in","Aakash Kailas Khobragade","SMTP","Mailbox"
"KAMBLE.AG@mahagst.gov.in","Aamrapali Gautam Kamble","SMTP","Mailbox"
"Bagale.Ai@mahagst.gov.in","Aamsiddha Iranna Bagale","SMTP","Mailbox"
"haldankar.aj@mahagst.gov.in","Aanand J Haldankar","SMTP","Mailbox"
"aaplesarkar_salestax@mahagst.gov.in","aaplesarkar_salestax","SMTP","Mailbox"
"pawar.a@mahagst.gov.in","Aarti M Pawar","SMTP","Mailbox"
"padale.an@mahagst.gov.in","Aarti N Padale","SMTP","Mailbox"
"poshirkar.ar@mahagst.gov.in","Aarti R. Poshirkar","SMTP","Mailbox"
"bavalekar.as@mahagst.gov.in","Aarti S Bavalekar","SMTP","Mailbox"
"tombare.ah@mahagst.gov.in","Aasha H Tombare","SMTP","Mailbox"
"tiwari.ad@mahagst.gov.in","Aashish D Tiwari","SMTP","Mailbox"
"Jadhav.Aashi@mahagst.gov.in","Aashish Digambar Jadhav","SMTP","Mailbox"
"mhaishale.as@mahagst.gov.in","Aashitosh Shankar Mhaishale","SMTP","Mailbox"
"pawar.aatish@mahagst.gov.in","Aatish Narayan Pawar","SMTP","Mailbox"
"wadje.ap@mahagst.gov.in","Abaji P Wadje","SMTP","Mailbox"
"khaladkar.aa@mahagst.gov.in","Abasaheb A Khaladkar","SMTP","Mailbox"
"kanhere.ad@mahagst.gov.in","Abasaheb Dashrath Kanhere","SMTP","Mailbox"
"jadhav.abasa@mahagst.gov.in","Abasaheb Sakharam Jadhav","SMTP","Mailbox"
"EALE.AV@mahagst.gov.in","Abasaheb Vaijinath Eale","SMTP","Mailbox"
"SAHIKH.AA@mahagst.gov.in","Abdulwahid Abdulrazzaque Sahikh","SMTP","Mailbox"
"karmarkar.aa@mahagst.gov.in","Abhay A Karmarkar","SMTP","Mailbox"
"kadlag.ab@mahagst.gov.in","Abhay B Kadlag","SMTP","Mailbox"
"tiwari.ac@mahagst.gov.in","Abhay C. Tiwari","SMTP","Mailbox"
"wagh.ak@mahagst.gov.in","Abhay K Wagh","SMTP","Mailbox"
"mate.au@mahagst.gov.in","Abhay U Mate","SMTP","Mailbox"
"marsale.av@mahagst.gov.in","Abhay V Marsale","SMTP","Mailbox"
"gosavi.aw@mahagst.gov.in","Abhay W Gosavi","SMTP","Mailbox"
"bhoir.aa@mahagst.gov.in","Abhijeet A Bhoir","SMTP","Mailbox"
"abhijeet.ak@mahagst.gov.in","Abhijeet A Kadam","SMTP","Mailbox"
"padekar.aa@mahagst.gov.in","Abhijeet A Padekar","SMTP","Mailbox"
"patil.aa@mahagst.gov.in","Abhijeet A Patil","SMTP","Mailbox"
"bhangdiya.aa@mahagst.gov.in","Abhijeet Anil Bhangdiya","SMTP","Mailbox"
"pore.ab@mahagst.gov.in","Abhijeet B Pore","SMTP","Mailbox"
"Chemate.Ab@mahagst.gov.in","Abhijeet Bhausaheb Chemate","SMTP","Mailbox"
"shintre.am@mahagst.gov.in","Abhijeet Mallikarjun Shintre","SMTP","Mailbox"
"ghavale.ar@mahagst.gov.in","Abhijeet R Ghavale","SMTP","Mailbox"
"Tivale.Ar@mahagst.gov.in","Abhijeet Ramchandra Tivale","SMTP","Mailbox"
"DESHMUKH.ABH@mahagst.gov.in","Abhijeet Rameshrao Deshmukh","SMTP","Mailbox"
"bhosale.as@mahagst.gov.in","Abhijeet S Bhosale","SMTP","Mailbox"
"pawar.as@mahagst.gov.in","Abhijeet S Pawar","SMTP","Mailbox"
"Chikhalik.As@mahagst.gov.in","Abhijeet Satishrao Chikhalikar","SMTP","Mailbox"
"paralikar.abhijit@mahagst.gov.in","Abhijit A Paralikar","SMTP","Mailbox"
"shelke.ab@mahagst.gov.in","Abhijit B Shelke","SMTP","Mailbox"
"sheth.ar@mahagst.gov.in","Abhijit R Sheth","SMTP","Mailbox"
"PATIL.AR@mahagst.gov.in","Abhijit Rangrao Patil","SMTP","Mailbox"
"bhavsar.as@mahagst.gov.in","Abhijit S Bhavsar","SMTP","Mailbox"
"gaikwad.as@mahagst.gov.in","Abhijit S Gaikwad","SMTP","Mailbox"
"mandwade.as@mahagst.gov.in","Abhijit S Mandwade","SMTP","Mailbox"
"nagle.as@mahagst.gov.in","Abhijit S Nagle","SMTP","Mailbox"
"shinde.as@mahagst.gov.in","Abhijit S Shinde","SMTP","Mailbox"
"LOKHANDE.AS@mahagst.gov.in","Abhijit Sanjay Lokhande","SMTP","Mailbox"
"khade.as@mahagst.gov.in","Abhijit Shivaji Khade","SMTP","Mailbox"
"parekhe.as@mahagst.gov.in","Abhijit Shivaji Parekhe","SMTP","Mailbox"
"khandagale.au@mahagst.gov.in","Abhijit Uttamrao Khandagale","SMTP","Mailbox"
"dhane.av@mahagst.gov.in","Abhijit V Dhane","SMTP","Mailbox"
"jamgade.aa@mahagst.gov.in","Abhilash Anandrao Jamgade","SMTP","Mailbox"
"jagtap.am@mahagst.gov.in","Abhilash Mahadev Jagtap","SMTP","Mailbox"
"nikam.ap@mahagst.gov.in","Abhilash P Nikam","SMTP","Mailbox"
"kulat.av@mahagst.gov.in","Abhilash Vishvanath Kulat","SMTP","Mailbox"
"raut.am@mahagst.gov.in","Abhiman M Raut","SMTP","Mailbox"
"KALE.AV@mahagst.gov.in","Abhinav Vidyadhar Kale","SMTP","Mailbox"
"choudhari.ap@mahagst.gov.in","Abhinay P Choudhari","SMTP","Mailbox"
"indalkar.ab@mahagst.gov.in","Abhishek Bharat Indalkar","SMTP","Mailbox"
"gongle.ad@mahagst.gov.in","Abhishek D Gongle","SMTP","Mailbox"
"gosavi.ap@mahagst.gov.in","Abhishek P Gosavi","SMTP","Mailbox"
"abhishek.sj@mahagst.gov.in","Abhishek S Jadhav","SMTP","Mailbox"
"Gangawane.As@mahagst.gov.in","ABHISHEK S. GANGAWANE","SMTP","Mailbox"
"sayyed.aa@mahagst.gov.in","Abid A Sayyed","SMTP","Mailbox"
"Ac.ewb@mahagst.gov.in","Ac.ewb","SMTP","Mailbox"
"acest6@mahagst.gov.in","acest6","SMTP","Mailbox"
"acmahavikas001@mahagst.gov.in","acmahavikas001","SMTP","Mailbox"
"acmahavikas002@mahagst.gov.in","acmahavikas002","SMTP","Mailbox"
"acmahavikas003@mahagst.gov.in","acmahavikas003","SMTP","Mailbox"
"acmahavikas004@mahagst.gov.in","acmahavikas004","SMTP","Mailbox"
"acmahavikas005@mahagst.gov.in","acmahavikas005","SMTP","Mailbox"
"acmahavikas006@mahagst.gov.in","acmahavikas006","SMTP","Mailbox"
"acmahavikas007@mahagst.gov.in","acmahavikas007","SMTP","Mailbox"
"acmahavikasdep1@mahagst.gov.in","acmahavikasdep1","SMTP","Mailbox"
"acmahavikasdep2@mahagst.gov.in","acmahavikasdep2","SMTP","Mailbox"
"acmahavikasdep3@mahagst.gov.in","acmahavikasdep3","SMTP","Mailbox"
"acst.kolhapur@mahagst.gov.in","acst.kolhapur","SMTP","Mailbox"
"acst.nagpur@mahagst.gov.in","acst.nagpur","SMTP","Mailbox"
"acst.nasik@mahagst.gov.in","acst.nasik","SMTP","Mailbox"
"acst.thane@mahagst.gov.in","acst.thane","SMTP","Mailbox"
"acstpt.mumbai@mahagst.gov.in","acstpt.mumbai","SMTP","Mailbox"
"acstpt.top100vatbst@mahagst.gov.in","acstpt.top100vatbst","SMTP","Mailbox"
"acstpune@mahagst.gov.in","acstpune","SMTP","Mailbox"
"acstvat1.mumbai@mahagst.gov.in","acstvat1.mumbai","SMTP","Mailbox"
"acstvat2.mumbai@mahagst.gov.in","acstvat2.mumbai","SMTP","Mailbox"
"acstvat3.mumbai@mahagst.gov.in","acstvat3.mumbai","SMTP","Mailbox"
"activitycodes@mahagst.gov.in","activitycodes","SMTP","Mailbox"
"Additional_Commissioners@mahagst.gov.in","Additional Commissioners","SMTP","PublicDL"
"sangale.ag@mahagst.gov.in","Adinath G Sangale","SMTP","Mailbox"
"jaware.au@mahagst.gov.in","Adinath U Jaware","SMTP","Mailbox"
"gawde.aa@mahagst.gov.in","Aditi A Gawde","SMTP","Mailbox"
"MURKAR.AA@mahagst.gov.in","Aditi Ashok Murkar","SMTP","Mailbox"
"raosaheb.as@mahagst.gov.in","Aditya S Raosaheb","SMTP","Mailbox"
