EmailAddress,Name,RoutingType,MailboxType
"asranawade@konkanlng.in","A S. Ranawade","SMTP","Mailbox"
"admin@konkanlng.in","Admin","SMTP","Mailbox"
"ameya.patil@konkanlng.in","Ameya S. Patil","SMTP","Mailbox"
"ankit.gandhi@konkanlng.in","Ankit Singh Gandhi","SMTP","Mailbox"
"anupam.sharma@konkanlng.in","Anup Kumar Sharma","SMTP","Mailbox"
"anuragsingh@konkanlng.in","Anurag Singh","SMTP","Mailbox"
"ashish.sinha@konkanlng.in","Ashish Sinha","SMTP","Mailbox"
"agupta2@konkanlng.in","Ashwani Gupta","SMTP","Mailbox"
"ayat.ullah@konkanlng.in","Ayat Ullah","SMTP","Mailbox"
"Backupalerts@konkanlng.in","Backupalerts","SMTP","Mailbox"
"brajpara@konkanlng.in","Bimal Rajpara","SMTP","Mailbox"
"biswarup.ray@konkanlng.in","Biswarup Ray","SMTP","Mailbox"
"cpdabhol@konkanlng.in","C P. Dabhol","SMTP","Mailbox"
"ceocell@konkanlng.in","CEO CELL.","SMTP","Mailbox"
"CFOCELL@konkanlng.in","CFO CELL.","SMTP","Mailbox"
"dinesh_m@konkanlng.in","D Mendulkar","SMTP","Mailbox"
"e.potkule@konkanlng.in","E S. Potkule","SMTP","Mailbox"
"es.md@konkanlng.in","ES MD","SMTP","Mailbox"
"grs06526@konkanlng.in","G R. Sangewar","SMTP","Mailbox"
"hari.om@konkanlng.in","Hari Om","SMTP","Mailbox"
"hrsupport@konkanlng.in","HR Support","SMTP","Mailbox"
"hrsupport-02@konkanlng.in","HR SUPPORT-02","SMTP","Mailbox"
"Info@konkanlng.in","Info","SMTP","Mailbox"
"inst.support@konkanlng.in","INST SUPPORT","SMTP","Mailbox"
"ithelpdesk@konkanlng.in","IT HelpDesk","SMTP","Mailbox"
"itsupport@konkanlng.in","IT SUPPORT","SMTP","Mailbox"
"srinivasa.ra@konkanlng.in","J S. Rao","SMTP","Mailbox"
"k.balakrishnan@konkanlng.in","K Balakrishnan","SMTP","Mailbox"
"kkb@konkanlng.in","K K. Babu","SMTP","Mailbox"
"kb.manjre@konkanlng.in","Kishor B. Manjre","SMTP","Mailbox"
"nkchand@konkanlng.in","Kishor Chand Neela","SMTP","Mailbox"
"kll.dabhol@konkanlng.in","KLL Dabhol","SMTP","Mailbox"
"kllexchadmin@konkanlng.in","Kllexchadmin","SMTP","Mailbox"
"d.maddala@konkanlng.in","M Devarayalu","SMTP","Mailbox"
"mahesh@konkanlng.in","Mahesh B","SMTP","Mailbox"
"md.pandey@konkanlng.in","Manish D. Pandey","SMTP","Mailbox"
"LNGMCR@konkanlng.in","MCR COMMON PC","SMTP","Mailbox"
"kmilind@konkanlng.in","Milind Kurkure","SMTP","Mailbox"
"mitheshvm@konkanlng.in","Mithesh V M","SMTP","Mailbox"
"pmkrishna@konkanlng.in","Muralikrishna P","SMTP","Mailbox"
"nareshpawar@konkanlng.in","Naresh M. Pawar","SMTP","Mailbox"
"okappala@konkanlng.in","Omeshwar Kappala","SMTP","Mailbox"
"pcnaik@konkanlng.in","P C N Gugulavath","SMTP","Mailbox"
"p.pothaiah@konkanlng.in","Payam Pothaiah","SMTP","Mailbox"
"prsingh@konkanlng.in","Pritam Singh","SMTP","Mailbox"
"ramji.gupta@konkanlng.in","Ramji Gupta","SMTP","Mailbox"
"r.singh@konkanlng.in","Ranvir Singh","SMTP","Mailbox"
"sbhattacharya2@konkanlng.in","S Bhattacharya","SMTP","Mailbox"
"sksahu@konkanlng.in","S K Sahu","SMTP","Mailbox"
"s.srikanth@konkanlng.in","S Srikanth","SMTP","Mailbox"
"sachinak@konkanlng.in","Sachin A. Koli","SMTP","Mailbox"
"s_yadav@konkanlng.in","Sandesh Yadav","SMTP","Mailbox"
"sgondane@konkanlng.in","Sanjay G. Gondane","SMTP","Mailbox"
"sm02287@konkanlng.in","Shaligram Mowar","SMTP","Mailbox"
"sitefinance1@konkanlng.in","Site Finance1","SMTP","Mailbox"
"SITEFINANCE2@konkanlng.in","SITE FINANCE2","SMTP","Mailbox"
"somnath.das@konkanlng.in","Somnath Das","SMTP","Mailbox"
"sricharanragi@konkanlng.in","Sricharan Ragi","SMTP","Mailbox"
"tscell@konkanlng.in","TS CELL","SMTP","Mailbox"
"uttamdg@konkanlng.in","U D. Gaikwad","SMTP","Mailbox"
"umesh.shahane@konkanlng.in","Umesh B. Shahane","SMTP","Mailbox"
"vmadhu@konkanlng.in","V Madhusudan","SMTP","Mailbox"
"vijaychavan@konkanlng.in","Vijay Chavan","SMTP","Mailbox"
