EmailAddress,Name,RoutingType,MailboxType
"A.Antony@tpcentralodisha.com","A Antony Thamburaj1","SMTP","Contact"
"A.Biswakeshan@tpcentralodisha.com","A Biswakeshan1","SMTP","Contact"
"AShyamsunder.Rao@tpcentralodisha.com","A Shyamsunder Rao1","SMTP","Contact"
"A.Saroj.Sarab@tpcentralodisha.com","A. Saroj Kumar Sarab1","SMTP","Contact"
"aakash.verma@tpcentralodisha.com","Aakash Verma1","SMTP","Contact"
"abakash.prusty@tpcentralodisha.com","Abakash Prusty1","SMTP","Contact"
"ABC@tpcentralodisha.com","ABC","SMTP","Contact"
"Abhaya.Rout@tpcentralodisha.com","Abhaya Kumar Rout1","SMTP","Contact"
"Abhijeet.Panda@tpcentralodisha.com","Abhijeet Panda4","SMTP","Contact"
"Abhijeet.Sahoo@tpcentralodisha.com","Abhijeet Sahoo1","SMTP","Contact"
"abhijit.das@tpcentralodisha.com","Abhijit Das1","SMTP","Contact"
"Abhijit.Das1@tpcentralodisha.com","Abhijit Das2","SMTP","Contact"
"abhijit.gorai@tpcentralodisha.com","Abhijit Gorai1","SMTP","Contact"
"Abhijit.Mohanty@tpcentralodisha.com","Abhijit Mohanty1","SMTP","Contact"
"abhilasha.panigrahi@tpcentralodisha.com","Abhilasha Panigrahi","SMTP","Contact"
"Abhilipsa.Panigrahi@tpcentralodisha.com","Abhilipsa Panigrahi1","SMTP","Contact"
"Abhimanyu.Jena@tpcentralodisha.com","Abhimanyu Jena1","SMTP","Contact"
"Abhimanyu.Nayak@tpcentralodisha.com","Abhimanyu Nayak1","SMTP","Contact"
"abhinav.shekhar@tpcentralodisha.com","Abhinav Shekhar1","SMTP","Contact"
"abhisek.jena@tpcentralodisha.com","ABHISEK JENA 1","SMTP","Contact"
"Abhisek.Mohapatra@TPCENTRALODISHA.com","Abhisek Mohapatra1","SMTP","Contact"
"Abhisek.Nayak@tpcentralodisha.com","Abhisek Nayak1","SMTP","Contact"
"Abhisek.Rath@tpcentralodisha.com","Abhisek Rath1","SMTP","Contact"
"abhishek.jha@tpcentralodisha.com","Abhishek Jha1","SMTP","Contact"
"abhishek.suman@tpcentralodisha.com","ABHISHEK SUMAN","SMTP","Contact"
"Abhishek.Singh@tpcentralodisha.com","Abhishek. Singh","SMTP","Contact"
"Abinash.Jena@tpcentralodisha.com","Abinash Jena","SMTP","Contact"
"Abinash.Meher@tpcentralodisha.com","Abinash Meher1","SMTP","Contact"
"abir.biswas@tpcentralodisha.com","Abir Biswas 1","SMTP","Contact"
"abt@tpcentralodisha.com","ABT","SMTP","Contact"
"Adarsh.Singh@tpcentralodisha.com","Adarsh Singh1","SMTP","Contact"
"aditya.sahu@tpcentralodisha.com","Adity Sahu","SMTP","Contact"
"ADITYA.BEHERA@tpcentralodisha.com","ADITYA BEHERA1","SMTP","Contact"
"Aditya.Jagati@tpcentralodisha.com","Aditya Jagati","SMTP","Contact"
"Aditya.Dash@tpcentralodisha.com","Aditya Kumar Dash1","SMTP","Contact"
"Aditya.Routray@tpcentralodisha.com","Aditya Ranjan Routray1","SMTP","Contact"
"aditya.sareen@tatapower.com","aditya sareen","SMTP","Contact"
"Adobe-Alert@tpcentralodisha.com","Adobe-Alert1","SMTP","Contact"
"AFM.tpcodl@tpcentralodisha.com","AFM TPCODL1","SMTP","Contact"
"Ajay.Harichandan@tpcentralodisha.com","Ajay Harichandan01","SMTP","Contact"
"Ajay.Panda@tpcentralodisha.com","Ajay Kumar Panda1","SMTP","Contact"
"Ajay.Swain@tpcentralodisha.com","Ajay Kumar Swain1","SMTP","Contact"
"AjayaChandra.Dash@tpcentralodisha.com","Ajaya Chandra  Dash","SMTP","Contact"
"Ajaya.Si@tpcentralodisha.com","Ajaya Kumar1 Si","SMTP","Contact"
"Ajit.Barik@tpcentralodisha.com","Ajit Kumar Barik1","SMTP","Contact"
"AjitKumar.Dash@tpcentralodisha.com","Ajit Kumar Dash1","SMTP","Contact"
"Ajit.Mohapatra1@tpcentralodisha.com","Ajit Kumar Mohapatra1","SMTP","Contact"
"Ajit.Muduli@tpcentralodisha.com","Ajit Kumar Muduli1","SMTP","Contact"
"AjitKumar.Sahu@tpcentralodisha.com","Ajit Kumar Sahu1","SMTP","Contact"
"Ajit.Maharana@tpcentralodisha.com","Ajit Maharana1","SMTP","Contact"
"Ajit.Maleyvar@tpcentralodisha.com","Ajit Maleyvar2","SMTP","Contact"
"Ajit.Mohapatra@TPCENTRALODISHA.com","Ajit Mohapatra1","SMTP","Contact"
"AjitRanjan.Mohapatra@tpcentralodisha.com","Ajit Ranjan1 Mohapatra","SMTP","Contact"
"Ajoy.Mohanty@tpcentralodisha.com","Ajoy Kumar Mohanty1","SMTP","Contact"
"Akash.Chand@tpcentralodisha.com","Akash Chand1","SMTP","Contact"
"Akash.Giri@tpcentralodisha.com","Akash Giri1","SMTP","Contact"
"Padhi@tpcentralodisha.com","Akshay Kumar Padhi1","SMTP","Contact"
"Akshay.Sutar@tpcentralodisha.com","Akshay Sutar1","SMTP","Contact"
"Akshaya.Panigrahi@tpcentralodisha.com","Akshaya Panigrahi","SMTP","Contact"
"akshaya.barik@tpcentralodisha.com","Akshaya Barik1","SMTP","Contact"
"Akshaya.Barik2@tpcentralodisha.com","Akshaya Kumar Barik1","SMTP","Contact"
"Akshaya.Bhatta@tpcentralodisha.com","Akshaya Kumar Bhatta1","SMTP","Contact"
"Akshaya.Das@tpcentralodisha.com","Akshaya Kumar Das1","SMTP","Contact"
"Akshaya.Ray@tpcentralodisha.com","Akshaya Ray1","SMTP","Contact"
"Akshaya.Sahu@tpcentralodisha.com","Akshaya Sahu3","SMTP","Contact"
"akshaya.satapathy@tpcentralodisha.com","akshaya satapathy1","SMTP","Contact"
"AkshayaKumar.Das@tpcentralodisha.com","Akshya Kumar Das1","SMTP","Contact"
"Alakananda.Swain@tpcentralodisha.com","Alakananda Swain1","SMTP","Contact"
"Alakesh.Barman@tpcentralodisha.com","Alakesh Barman1","SMTP","Contact"
"alert@tpcentralodisha.com","alert 1","SMTP","Contact"
"Alisha.Paikaraya@tpcentralodisha.com","Alisha Paikaraya1","SMTP","Contact"
"Alok.Lenka@tpcentralodisha.com","Alok Kumar Lenka","SMTP","Contact"
"Alok.Mitra@tpcentralodisha.com","Alok Kumar Mitra1","SMTP","Contact"
"Alok.Pattanaik@tpcentralodisha.com","Alok Ranjan Pattanaik1","SMTP","Contact"
"Alok.Sahoo@tpcentralodisha.com","Alok Sahoo1","SMTP","Contact"
"ALOK.SENAPATI@tpcentralodisha.com","ALOK SENAPATI2","SMTP","Contact"
"AM@tpcentralodisha.com","AM","SMTP","Contact"
"Amar.Pattanayak1@tpcentralodisha.com","Amar Pattanayak15","SMTP","Contact"
"Amar.Sharma@tpcentralodisha.com","Amar Kumar Sharma1","SMTP","Contact"
"Amar.Pattanayak@tpcentralodisha.com","Amar Pattanayak2","SMTP","Contact"
"Amarendra.Behera@tpcentralodisha.com","Amarendra Behera1","SMTP","Contact"
"Amarendra.Nanda@tpcentralodisha.com","Amarendra Nanda3","SMTP","Contact"
"Amarendra.Sarangi@tpcentralodisha.com","Amarendra Sarangi 1","SMTP","Contact"
"Amaresh.Mishra@tpcentralodisha.com","Amaresh Mishra1","SMTP","Contact"
"Amarjit.Mohapatra@tpcentralodisha.com","Amarjit Mohapatra1","SMTP","Contact"
"Amarjit.Pattanaik@tpcentralodisha.com","Amarjit Pattanaik1","SMTP","Contact"
"Amarkesh.Maurya@tpcentralodisha.com","Amarkesh Maurya1","SMTP","Contact"
"Ambarish.Pattanaik@tpcentralodisha.com","Ambarish Pattanaik","SMTP","Contact"
"AmbikaPrasad.Mishra@tpcentralodisha.com","Ambika Prasad Mishra1","SMTP","Contact"
"Amir.Tarai@tpcentralodisha.com","Amir Tarai1","SMTP","Contact"
"Amit.Das1@tpcentralodisha.com","amit das11","SMTP","Contact"
"Amit.Das@tpcentralodisha.com","Amit Das1234","SMTP","Contact"
"Amit.Jadaun@tpcentralodisha.com","Amit Jadaun2","SMTP","Contact"
"Amit.Jana@tpcentralodisha.com","Amit Jana1","SMTP","Contact"
"AmitKumar.Arukha@tpcentralodisha.com","Amit Kumar Arukha1","SMTP","Contact"
"Amit.Mohapatra2@tpcentralodisha.com","Amit Kumar Mohapatra1","SMTP","Contact"
"amit.kumar@tpcentralodisha.com","Amit Kumar1","SMTP","Contact"
"Amit.Mohapatra@tpcentralodisha.com","Amit Mohapatra1","SMTP","Contact"
"Amit.Ray@tpcentralodisha.com","Amit Ranjan Ray1","SMTP","Contact"
"amit.sengupta@tpcentralodisha.com","Amit Sengupta","SMTP","Contact"
