EmailAddress,Name,RoutingType,MailboxType
"A.Elangovan@rjcorp.in","A Elangovan","SMTP","Mailbox"
"aj.mary@rjcorp.in","A J Mary","SMTP","Mailbox"
"A.Rameez@rjcorp.in","A Rameez","SMTP","Mailbox"
"a.sundarrajan@rjcorp.in","A Sundarrajan","SMTP","Mailbox"
"a.babu@rjcorp.in","A Suresh Babu","SMTP","Mailbox"
"a.vivek@rjcorp.in","A Vivek","SMTP","Mailbox"
"Aaditya.Sonalkar@rjcorp.in","Aaditya Sonalkar","SMTP","Mailbox"
"Aayush.Wadhwa@rjcorp.in","Aayush Wadhwa","SMTP","Mailbox"
"Abadhesh.Katara@rjcorp.in","Abadhesh Katara","SMTP","Mailbox"
"abdul.qayyum@rjcorp.in","Abdul Qayyum","SMTP","Mailbox"
"abdul.alawandi@rjcorp.in","Abdul Raheman Alawandi","SMTP","Mailbox"
"ar.malik@rjcorp.in","Abdul Raziq. Malik","SMTP","Mailbox"
"abhay.jain@rjcorp.in","Abhay Jain","SMTP","Mailbox"
"Abhay.Pal@rjcorp.in","Abhay Pal","SMTP","Mailbox"
"Abhay.Singh@rjcorp.in","Abhay Singh","SMTP","Mailbox"
"Abhay.Singh2@rjcorp.in","Abhay Singh","SMTP","Mailbox"
"Abhayjit.singh@rjcorp.in","Abhayjit Singh","SMTP","Mailbox"
"abhi.kumar@rjcorp.in","Abhi Kumar","SMTP","Mailbox"
"Abhijeet.Dwivedi@rjcorp.in","Abhijeet Dwivedi","SMTP","Mailbox"
"abhijeet.sarkar@rjcorp.email","ABHIJEET SARKAR","SMTP","Contact"
"ABHIJIT.MANDAL@rjcorp.in","ABHIJIT MANDAL","SMTP","Mailbox"
"Abhilash.M@rjcorp.in","Abhilash M","SMTP","Mailbox"
"abhilash.purohit@rjcorp.email","abhilash purohit","SMTP","Contact"
"abhilash.shetty@rjcorp.in","Abhilash Shetty","SMTP","Mailbox"
"abhilasha.thakur@rjcorp.in","Abhilasha Thakur- HO","SMTP","Mailbox"
"abhimanyu@rjcorp.in","Abhimanyu","SMTP","Mailbox"
"Abhimanyu.Singh@rjcorp.in","Abhimanyu Singh","SMTP","Mailbox"
"Abhinandan.Dash@rjcorp.in","Abhinandan Dash","SMTP","Mailbox"
"abhinash.jha@rjcorp.in","Abhinash Jha","SMTP","Mailbox"
"Abhinav.Agarwal@rjcorp.in","Abhinav Agarwal","SMTP","Mailbox"
"Abhinav.Dahiya@rjcorp.in","Abhinav Dahiya","SMTP","Mailbox"
"abhinav.sinha@rjcorp.in","Abhinav Sinha","SMTP","Mailbox"
"abhinay.barsaiya@rjcorp.in","ABHINAY BARSAIYA","SMTP","Mailbox"
"abhineet.gaurav@rjcorp.in","Abhineet Gaurav","SMTP","Mailbox"
"Abhinit.Tripathi@rjcorp.in","Abhinit Kumar Tripathi","SMTP","Mailbox"
"abhisek.nandi@rjcorp.in","ABHISEK NANDI","SMTP","Mailbox"
"abhishek.shukla2@rjcorp.in","Abhishek Kumar Shukla","SMTP","Mailbox"
"Abhishek.Agarwal@rjcorp.in","Abhishek Agarwal","SMTP","Mailbox"
"Abhishek.Awasthi@rjcorp.in","Abhishek Awasthi","SMTP","Mailbox"
"Abhishek.Bajpai@rjcorp.in","Abhishek Bajpai","SMTP","Mailbox"
"Abhishek.Choudhary@rjcorp.in","Abhishek Choudhary","SMTP","Mailbox"
"Abhishek.Dubey@rjcorp.in","Abhishek Dubey","SMTP","Mailbox"
"Abhishek.Gautam@rjcorp.in","Abhishek Gautam","SMTP","Mailbox"
"abhishek.kg@rjcorp.in","Abhishek K G","SMTP","Mailbox"
"abhishek.kumar8@rjcorp.in","Abhishek Kumar8","SMTP","Mailbox"
"abhishek.mishra1@rjcorp.in","Abhishek mishra1-Bhiwadi","SMTP","Mailbox"
"abhishek.mohan@rjcorp.in","Abhishek Mohan","SMTP","Mailbox"
"abhishek.paliwal@rjcorp.in","Abhishek Paliwal","SMTP","Mailbox"
"Abhishek.ranjan@rjcorp.in","Abhishek ranjan","SMTP","Mailbox"
"Abhishek.Sahu1@rjcorp.in","Abhishek Sahu1","SMTP","Mailbox"
"abhishek.saxena@rjcorp.in","Abhishek Saxena","SMTP","Mailbox"
"Abhishek.Shankar@rjcorp.in","Abhishek Shankar","SMTP","Mailbox"
"abhishek.sharma7@rjcorp.in","Abhishek Sharma","SMTP","Mailbox"
"abhishek.sharma1@rjcorp.in","Abhishek Sharma1 - Panipat","SMTP","Mailbox"
"Abhishek.Singh@rjcorp.in","Abhishek Singh","SMTP","Mailbox"
"abhishek.singh4@rjcorp.in","Abhishek Singh","SMTP","Mailbox"
"abhishek.singh2@rjcorp.in","ABHISHEK SINGH2","SMTP","Mailbox"
"Abhishek.Singh3@rjcorp.in","Abhishek Singh3","SMTP","Mailbox"
"Abhishek.Singh5@rjcorp.in","Abhishek Singh5","SMTP","Mailbox"
"abhishek.tiwari@rjcorp.in","Abhishek Tiwari","SMTP","Mailbox"
"Abhishek.Tripathi@rjcorp.in","Abhishek Tripathi","SMTP","Mailbox"
"Abhishek.Vyas@rjcorp.in","Abhishek Vyas","SMTP","Mailbox"
"abhishekkumar.singh1@rjcorp.in","abhishekkumar singh1-Patna","SMTP","Mailbox"
"abinash.anurag@rjcorp.in","Abinash Anurag","SMTP","Mailbox"
"abir.kundu@rjcorp.in","Abir Kundu","SMTP","Mailbox"
"abishek.rai@rjcorp.in","Abishek Rai","SMTP","Mailbox"
"abu.hassan@rjcorp.in","Abu Bin Hassan","SMTP","Mailbox"
"Abyay.Debnath@rjcorp.in","Abyay.Debnath","SMTP","Mailbox"
"account.kolkata@rjcorp.in","account kolkata","SMTP","PublicDL"
"accounts.alwar@rjcorp.in","accounts alwar","SMTP","Mailbox"
"accounts1.alwar@rjcorp.in","Accounts Alwar1","SMTP","Mailbox"
"Accounts.bharuch@rjcorp.in","Accounts Bharuch","SMTP","PublicDL"
"accounts.bhopal@rjcorp.in","Accounts Bhopal","SMTP","PublicDL"
"accounts.cg@rjcorp.in","Accounts CG","SMTP","Mailbox"
"accounts.jaipur@rjcorp.in","accounts.jaipur","SMTP","Mailbox"
"Accounts.Jodhpur@rjcorp.in","Accounts.Jodhpur","SMTP","PublicDL"
"accounts.nuh@rjcorp.in","accounts.nuh","SMTP","PublicDL"
"achal.kumar@varunlanka.com","achal Kumar","SMTP","Contact"
"achin.tripathi@rjcorp.in","Achin Tripathi","SMTP","Mailbox"
"achyut.sharma@rjcorp.in","Achyut Sharma","SMTP","Mailbox"
"Address.Book@rjcorp.in","Address Book","SMTP","Mailbox"
"adesh.accounts@rjcorp.in","Adesh Accounts","SMTP","Mailbox"
"adibasava.t@rjcorp.in","ADIBASAVA T","SMTP","Mailbox"
"adilakshmi.a@rjcorp.in","Adilakshmi A","SMTP","Mailbox"
"Aditya.Arele@rjcorp.in","Aditya Arele","SMTP","Mailbox"
"aditya.bharati@rjcorp.in","Aditya Bharati","SMTP","Mailbox"
"Aditya.Gupta@rjcorp.in","Aditya Gupta","SMTP","Mailbox"
"aditya.kumar@rjcorp.in","Aditya Kumar","SMTP","Mailbox"
"aditya.singh@rjcorp.in","Aditya Kumar Singh","SMTP","Mailbox"
"Aditya.patil@rjcorp.in","Aditya Patil","SMTP","Mailbox"
"Aditya.Sahu2@rjcorp.in","Aditya Sahu2","SMTP","Mailbox"
"Aditya.Saini@rjcorp.in","Aditya Saini","SMTP","Mailbox"
"aditya.trivedi@rjcorp.in","Aditya Trivedi","SMTP","Mailbox"
"admin.ariba@rjcorp.in","Admin Ariba","SMTP","Mailbox"
"admin.paithan@rjcorp.in","Admin Paithan","SMTP","Mailbox"
"admin.sandila@rjcorp.in","Admin Sandila","SMTP","Mailbox"
"Admin-chetan.Bansal@rjcorp.in","Admin-chetan Bansal","SMTP","Mailbox"
"adutiya.satyam@rjcorp.in","Adutiya Satyam","SMTP","Mailbox"
"Advin.lourenco@rjcorp.in","Advin Lourenco","SMTP","Mailbox"
"Afzal.Hussain@rjcorp.in","Afzal Hussain","SMTP","Mailbox"
