EmailAddress,Name,RoutingType,MailboxType
"a3fabricreceipt@atlas.in","A3 Fabric Receipt","SMTP","Mailbox"
"a3sewingasst@atlas.in","A3/Asst Sewing","SMTP","Mailbox"
"a3.cuttingissue@atlas.in","A3/Cutting Issue","SMTP","Mailbox"
"a3cutting@atlas.in","A3/Cutting WIP","SMTP","Mailbox"
"a3sewingissue@atlas.in","A3/Sewing Issue","SMTP","Mailbox"
"a3.weaving@atlas.in","A3/Weaving","SMTP","Mailbox"
"a4sourcing@atlas.in","A4 Sourcing","SMTP","Mailbox"
"a4hr2@atlas.in","A4/Hr2","SMTP","Mailbox"
"wm@atlas.in","A4/Weaving","SMTP","Mailbox"
"a4store@atlas.in","A4/Weaving Store","SMTP","Mailbox"
"acc.team@atlas.in","Accounts Team","SMTP","PublicDL"
"admnexe1@atlas.in","Admin/Executive1","SMTP","Mailbox"
"Administrator@atlas.in","Administrator","SMTP","Mailbox"
"AEEHOD.PR@atlas.in","AEE HODS-PRODUCTION","SMTP","PublicDL"
"aee.mups.status@atlas.in","AEE/MUPS/Status","SMTP","Mailbox"
"alerts@atlas.in","Alerts","SMTP","Mailbox"
"allapm@atlas.in","All - APM","SMTP","PublicDL"
"allmainoffice@atlas.in","All - Head Office","SMTP","PublicDL"
"allktpl@atlas.in","All - KTPL","SMTP","PublicDL"
"AllStaff-Atlas@atlas.in","All Staff - Atlas","SMTP","PublicDL"
"Alpha@atlas.in","Alpha","SMTP","Mailbox"
"alphastore@atlas.in","Alpha/Store","SMTP","Mailbox"
"apm.hr@atlas.in","APM.HR","SMTP","Mailbox"
"apm.accounts@atlas.in","APM/Accounts","SMTP","Mailbox"
"apm.assthr@atlas.in","APM/Asst Hr","SMTP","Mailbox"
"apm.billing@atlas.in","APM/Billing","SMTP","Mailbox"
"apm.cheesedyeing@atlas.in","APM/Cheese Dyeing","SMTP","Mailbox"
"apm.designer@atlas.in","APM/Designer","SMTP","Mailbox"
"apm.d1@atlas.in","APM/Designer1","SMTP","Mailbox"
"apm.d2@atlas.in","APM/Designer2","SMTP","Mailbox"
"apm.d3@atlas.in","APM/Designer3","SMTP","Mailbox"
"apm.electrical@atlas.in","APM/Electrical","SMTP","Mailbox"
"etp@atlas.in","APM/ETP","SMTP","Mailbox"
"apm.fabricinspection@atlas.in","APM/Fabric Inspection","SMTP","Mailbox"
"apmfd@atlas.in","APM/FD","SMTP","Mailbox"
"apmfm@atlas.in","APM/FM","SMTP","Mailbox"
"apm.lab@atlas.in","APM/Lab","SMTP","Mailbox"
"apm.mechanical.store@atlas.in","APM/Mechanical Store","SMTP","Mailbox"
"apm.sewing@atlas.in","APM/OS/Sewing","SMTP","Mailbox"
"apm.planning@atlas.in","APM/Planning","SMTP","Mailbox"
"apm.planning1@atlas.in","APM/Planning1","SMTP","Mailbox"
"APM.ppc@atlas.in","APM/PPC","SMTP","Mailbox"
"apm.printing@atlas.in","APM/Printing","SMTP","Mailbox"
"apm.pm@atlas.in","APM/Production Manager","SMTP","Mailbox"
"apm.project@atlas.in","APM/Project","SMTP","Mailbox"
"apm.qa@atlas.in","APM/QA","SMTP","Mailbox"
"apmstore@atlas.in","APM/Store","SMTP","Mailbox"
"Apm.store.Manager@atlas.in","APM/Store Manager","SMTP","Mailbox"
"apm.wh@atlas.in","APM/WH","SMTP","Mailbox"
"apm.wh.mgr@atlas.in","APM/WH/Manager","SMTP","Mailbox"
"apm.wh.sewingoutward1@atlas.in","APM/WH/Sewing Outward1","SMTP","Mailbox"
"apmyd@atlas.in","APM/YD","SMTP","Mailbox"
"asstcompliance@atlas.in","Assistant/Compliance","SMTP","Mailbox"
"asstem@atlas.in","Asst EM","SMTP","Mailbox"
"asstpdm@atlas.in","Asst PDM","SMTP","Mailbox"
"Assthrm@atlas.in","Assthrm","SMTP","Mailbox"
"vinoth@atlas.in","Atlas / Vinoth","SMTP","Mailbox"
"AtlasEmbroidery@atlas.in","Atlas Embroidery","SMTP","Mailbox"
"ATLASHODS@atlas.in","ATLAS HOD's","SMTP","PublicDL"
"processing@atlas.in","Atlas Processing Mills","SMTP","Mailbox"
"am@atlas.in","ATLAS/AC/Moorthy","SMTP","Mailbox"
"acc.apm@atlas.in","ATLAS/ACC/APM","SMTP","Mailbox"
"acc.audit@atlas.in","ATLAS/ACC/AUDIT","SMTP","Mailbox"
"acc.bills@atlas.in","ATLAS/ACC/BILLS/Jeya Laxmi","SMTP","Mailbox"
"acc.gst@atlas.in","ATLAS/ACC/GST/Ramakrishnan","SMTP","Mailbox"
"Ast@atlas.in","ATLAS/ACC/Jeya Lashmi","SMTP","Mailbox"
"periasamy.s@atlas.in","ATLAS/ACC/Periasamy","SMTP","Mailbox"
"accounts@atlas.in","ATLAS/ACC/Statement","SMTP","Mailbox"
"Admin@atlas.in","Atlas/Admin","SMTP","Mailbox"
"admin.manager@atlas.in","Atlas/Admin Manager/Shelton","SMTP","Mailbox"
"Admnpurchases@atlas.in","Atlas/Admin Purchases","SMTP","Mailbox"
"admnstore@atlas.in","Atlas/Admin Store","SMTP","Mailbox"
"admnexe2@atlas.in","Atlas/Admin/Executive2","SMTP","Mailbox"
"adminsecretary@atlas.in","Atlas/Admin/Secretary","SMTP","Mailbox"
"m6@atlas.in","Atlas/Arjun C","SMTP","Mailbox"
"m14@atlas.in","Atlas/Ashok","SMTP","Mailbox"
"Bills.Auditing@atlas.in","Atlas/Bills Auditing","SMTP","Mailbox"
"m5@atlas.in","Atlas/C Karthikeyan","SMTP","Mailbox"
"Careers@atlas.in","Atlas/Careers","SMTP","Mailbox"
"cashier@atlas.in","Atlas/Cashier","SMTP","Mailbox"
"chemicalcompliance@atlas.in","Atlas/Compliance","SMTP","Mailbox"
"d13@atlas.in","Atlas/D13","SMTP","Mailbox"
"m8@atlas.in","Atlas/Dineshraja","SMTP","Mailbox"
"ho.docs.executive2@atlas.in","Atlas/Docs/Kumar","SMTP","Mailbox"
"ho.docs.executive@atlas.in","Atlas/Docs/Mary","SMTP","Mailbox"
"documentation@atlas.in","Atlas/Documentation","SMTP","Mailbox"
"em@atlas.in","Atlas/EM","SMTP","Mailbox"
"em.assets@atlas.in","Atlas/EM/Assets","SMTP","Mailbox"
"Energy@atlas.in","Atlas/Energy/Sathis","SMTP","Mailbox"
"frontoffice@atlas.in","Atlas/Front Office","SMTP","Mailbox"
"ganesan.p@atlas.in","Atlas/Ganesan.P","SMTP","Mailbox"
"sivakumar.m@atlas.in","Atlas/GGM/Sivakumar","SMTP","Mailbox"
"gm.ppc@atlas.in","Atlas/GM.PPC/CB Prabakaran","SMTP","Mailbox"
"m12@atlas.in","Atlas/Gokul","SMTP","Mailbox"
"hari@atlas.in","Atlas/Hari","SMTP","Mailbox"
"hm.merch@atlas.in","Atlas/HM/Merch","SMTP","Mailbox"
"hm.pd@atlas.in","Atlas/HM/PD","SMTP","Mailbox"
"hm.qa@atlas.in","Atlas/HM/QA","SMTP","Mailbox"
"ho.hr@atlas.in","Atlas/HO/HRM/Ravikumar","SMTP","Mailbox"
"ho.lab@atlas.in","Atlas/HO/Lab/Vasanth R","SMTP","Mailbox"
