EmailAddress,Name,RoutingType,MailboxType
"achal.sharma@spaceera.in","Achal Sharma","SMTP","Mailbox"
"Administrator@spaceera.in","Administrator","SMTP","Mailbox"
"Anjali.garg@spaceera.in","Anjali Garg","SMTP","Mailbox"
"anurup@ananthtech.com","Anurup Ananth","SMTP","Contact"
"Anurup@spaceera.in","Anurup Pavuluri","SMTP","Mailbox"
"mail@ananthtech.com","ATL Mail","SMTP","Contact"
"Brinder.sood@spaceera.in","Brinder Kumar Sood","SMTP","Mailbox"
"info.forward@spaceera.in","Info forward","SMTP","PublicDL"
"Info@spaceera.in","Info Spaceera","SMTP","Mailbox"
"konstantin.Bocharov@spaceera.in","Konstantin Bocharov","SMTP","Mailbox"
"KPP@spaceera.in","KP Puri","SMTP","Mailbox"
"krishnavvsr@spaceera.in","Krishna VVSR","SMTP","Mailbox"
"Mahendra.Chandola@spaceera.in","Mahendra Chandola","SMTP","Mailbox"
"Manager.Offset@spaceera.in","Manager Offset","SMTP","Mailbox"
"Manoj.Thakur@spaceera.in","Manoj Thakur","SMTP","Mailbox"
"Project@spaceera.in","Project","SMTP","Mailbox"
"rajarao@spaceera.in","Rajarao Spaceera","SMTP","Mailbox"
"Rawal@spaceera.in","Rawal","SMTP","Mailbox"
"Sergey.lebedev@spaceera.in","Sergey.lebedev","SMTP","Mailbox"
"seshendrak@spaceera.in","Seshendra K","SMTP","Mailbox"
"Shishir.Deshpande@spaceera.in","Shishir Deshpande","SMTP","Mailbox"
"spaceera.webex@spaceera.in","Spaceera Webex","SMTP","Mailbox"
"Sridhar@spaceera.in","Sridhar","SMTP","Mailbox"
"srinivasamurthy.d@spaceera.in","Srinivasa Murthy Durbhakula","SMTP","Mailbox"
"subbarao@ananthtech.com","Subbarao Ananthtech","SMTP","Contact"
"subbarao@spaceera.in","Subbarao Spaceera","SMTP","Mailbox"
"Vaibhav@spaceera.in","Vaibhav A","SMTP","Mailbox"
"Vinaygarg@spaceera.in","Vinay Garg","SMTP","Mailbox"
"vineet.aggarwal@spaceera.in","Vineet Aggarwal","SMTP","Mailbox"
"vvy@spaceera.in","VVY","SMTP","Mailbox"
"webex@spaceera.in","Webex Cisco","SMTP","Mailbox"
