EmailAddress,Name,RoutingType,MailboxType
"AADHAR.PATIL@ssm-infotech.com","AADHAR PATIL","SMTP","Mailbox"
"Aakash.Mishra@ssm-infotech.com","Aakash Mishra","SMTP","Mailbox"
"Aayush.Thakkar@ssm-infotech.com","Aayush Thakkar","SMTP","Mailbox"
"Abhay.Shinde@ssm-infotech.com","Abhay Shinde","SMTP","Mailbox"
"Abhijit@ssm-infotech.com","Abhijit Datta","SMTP","Mailbox"
"Abhishek.K@ssm-infotech.com","Abhishek K.","SMTP","Mailbox"
"Abhishek.Kumar@ssm-infotech.com","Abhishek Kumar","SMTP","Mailbox"
"Abhishek.Lokhandwala@ssm-infotech.com","Abhishek Lokhandwala","SMTP","Mailbox"
"Abhishek.Pandey@ssm-infotech.com","Abhishek Pandey","SMTP","Mailbox"
"Abhishek.Srivastava@ssm-infotech.com","Abhishek Srivastava","SMTP","Mailbox"
"Abhishek.Yadav@ssm-infotech.com","Abhishek Yadav","SMTP","Mailbox"
"Administrator@ssm-infotech.com","Administrator","SMTP","Mailbox"
"aims@ssm-infotech.com","AIMS","SMTP","Mailbox"
"Ajay.Patel@ssm-infotech.com","Ajay Patel","SMTP","Mailbox"
"Akash.Dixit@ssm-infotech.com","Akash Dixit","SMTP","Mailbox"
"Akash.Kothiwala@ssm-infotech.com","Akash Kothiwala","SMTP","Mailbox"
"Akshay@ssm-infotech.com","Akshay","SMTP","Mailbox"
"Akshay.Bhavsar@ssm-infotech.com","Akshay H Bhavsar","SMTP","Mailbox"
"Akshay.Koli@ssm-infotech.com","Akshay Koli","SMTP","Mailbox"
"AllTrainee@ssminfotech.com","All Trainee","SMTP","PublicDL"
"alluser@ssm-infotech.com","ALL USER","SMTP","PublicDL"
"Alok.Yadav@ssm-infotech.com","Alok Yadav","SMTP","Mailbox"
"Alpit.Bashish@ssm-infotech.com","Alpit Bashish","SMTP","Mailbox"
"Aman.Goyal@ssm-infotech.com","Aman Goyal","SMTP","Mailbox"
"ameet@ssm-infotech.com","ameet","SMTP","Mailbox"
"Amit.Bhagat@ssm-infotech.com","Amit Bhagat","SMTP","Mailbox"
"Amit.Bhavsar@ssm-infotech.com","Amit Bhavsar","SMTP","Mailbox"
"amit.desai@ssm-infotech.com","Amit Desai","SMTP","Mailbox"
"Amit.Gohil@ssm-infotech.com","Amit Gohil","SMTP","Mailbox"
"Amit.Modi@ssm-infotech.com","Amit Modi","SMTP","Mailbox"
"Amit.Patel@ssm-infotech.com","Amit Patel","SMTP","Mailbox"
"Amit.Saha@ssm-infotech.com","Amit Saha","SMTP","Mailbox"
"Amit.Singh@ssm-infotech.com","Amit Singh","SMTP","Mailbox"
"anand.patel@ssm-infotech.com","Anand Patel","SMTP","Mailbox"
"anil@ssm-infotech.com","Anil Thakkar","SMTP","Mailbox"
"Ankit.Khatri@ssm-infotech.com","Ankit Khatri","SMTP","Mailbox"
"Ankit.Patel@ssm-infotech.com","Ankit Mahesh Patel","SMTP","Mailbox"
"Ankit.Rathod@ssm-infotech.com","Ankit Rathod","SMTP","Mailbox"
"Ankit.Sanghani@ssm-infotech.com","Ankit Sanghani","SMTP","Mailbox"
"Ankur.Desai@ssm-infotech.com","Ankur Desai","SMTP","Mailbox"
"Ankurkumar.Patel@ssm-infotech.com","Ankurkumar Patel","SMTP","Mailbox"
"Anuja.Jawala@ssm-infotech.com","Anuja Jawala","SMTP","Mailbox"
"apurva@ssm-infotech.com","Apurva Desai","SMTP","Mailbox"
"Archana.Raval@ssm-infotech.com","Archana Raval","SMTP","Mailbox"
"Arun.Soni@ssm-infotech.com","Arun Soni","SMTP","Mailbox"
"Arunav.Muktiar@ssm-infotech.com","Arunav Muktiar","SMTP","Mailbox"
"asha.radadiya@ssm-infotech.com","Asha Radadiya","SMTP","Mailbox"
"Ashish.M.Nanvani@ssm-infotech.com","Ashish M Nanvani","SMTP","Mailbox"
"ashish.patel@ssm-infotech.com","Ashish Patel","SMTP","Mailbox"
"Ashwarya.Omer@ssm-infotech.com","Ashwarya Omer","SMTP","Mailbox"
"Atif.Alam@ssm-infotech.com","Atif Alam","SMTP","Mailbox"
"atul.mishra@ssm-infotech.com","atul mishra","SMTP","Mailbox"
"Atul.Sonawane@ssm-infotech.com","Atul Sonawane","SMTP","Mailbox"
"automation@ssm-infotech.com","automation","SMTP","Mailbox"
"Avani@ssm-infotech.com","Avani Gandhi","SMTP","Mailbox"
"Avinash.Sharma@ssm-infotech.com","Avinash Sharma","SMTP","Mailbox"
"Avneet.Sharma@ssm-infotech.com","Avneet Sharma","SMTP","Mailbox"
"Azaz.Khan@ssm-infotech.com","Azaz Khan","SMTP","Mailbox"
"Balu.Patade@ssm-infotech.com","Balu Patade","SMTP","Mailbox"
"Bhakti.Vichare@ssm-infotech.com","Bhakti Vichare","SMTP","Mailbox"
"Bharat.Rathod@ssm-infotech.com","Bharat K Rathod","SMTP","Mailbox"
"Bharat.Rawal@ssm-infotech.com","Bharat Rawal","SMTP","Mailbox"
"bhargav.bharatia@ssm-infotech.com","Bhargav Bharatia","SMTP","Mailbox"
"Bhargav.Rajput@ssm-infotech.com","Bhargav Rajput","SMTP","Mailbox"
"Bhaumik.Patel@ssm-infotech.com","Bhaumik Patel","SMTP","Mailbox"
"Bhavesh.Jalandhara@ssm-infotech.com","Bhavesh Jalandhara","SMTP","Mailbox"
"Bhavesh.Sadhu@ssm-infotech.com","Bhavesh Sadhu","SMTP","Mailbox"
"Bhavik.Mistry@ssm-infotech.com","Bhavik Mistry","SMTP","Mailbox"
"Bhavin.Gorecha@ssm-infotech.com","Bhavin Gorecha","SMTP","Mailbox"
"Bhavin.Ornawala@ssm-infotech.com","Bhavin Ornawala","SMTP","Mailbox"
"bhavini@ssm-infotech.com","Bhavini Parmar","SMTP","Mailbox"
"Bhavini.Varma@ssm-infotech.com","Bhavini Varma","SMTP","Mailbox"
"Bhumika.Patel@ssm-infotech.com","Bhumika Patel","SMTP","Mailbox"
"Bhumil.Bhagat@ssm-infotech.com","Bhumil Bhagat","SMTP","Mailbox"
"Bhushan.Patil@ssm-infotech.com","Bhushan R. Patil","SMTP","Mailbox"
"Bijal@ssm-infotech.com","Bijal Desai","SMTP","Mailbox"
"Bijal.Desai@ssm-infotech.com","Bijal Desai","SMTP","Mailbox"
"biren@ssm-infotech.com","Biren Soni","SMTP","Mailbox"
"Brijen.Bhandutia@ssm-infotech.com","Brijen Bhandutia","SMTP","Mailbox"
"Brijesh.Khatri@ssm-infotech.com","Brijesh Khatri","SMTP","Mailbox"
"Brijesh.Vasoya@ssm-infotech.com","Brijesh Vasoya","SMTP","Mailbox"
"brijesha.patel@ssm-infotech.com","Brijesha Patel","SMTP","Mailbox"
"Calendar@ssm-infotech.com","calendar","SMTP","Mailbox"
"chetan@ssm-infotech.com","Chetan Patel","SMTP","Mailbox"
"Chetan.Salve@ssm-infotech.com","Chetan Salve","SMTP","Mailbox"
"Chinmay.Naik@ssm-infotech.com","Chinmay Naik","SMTP","Mailbox"
"Chinmay@ssm-infotech.com","Chinmay Upadhyaya","SMTP","Mailbox"
"Chintan.Malaviya@ssm-infotech.com","Chintan Malaviya","SMTP","Mailbox"
"Chirag.Dhimmar@ssm-infotech.com","Chirag Dhimmar","SMTP","Mailbox"
"Chirag.Gandhi@ssm-infotech.com","Chirag Gandhi","SMTP","Mailbox"
"chirag@ssm-infotech.com","Chirag Koladiya","SMTP","Mailbox"
"Chirag.Modha@ssm-infotech.com","Chirag Modha","SMTP","Mailbox"
"Chirag.Patel@ssm-infotech.com","Chirag Patel","SMTP","Mailbox"
"Chiragkumar.Bhanderi@ssm-infotech.com","Chiragkumar Bhanderi","SMTP","Mailbox"
"Chiranjiv.Thakor@ssminfotech.com","Chiranjiv Thakor","SMTP","Mailbox"
"ConfRoom@ssminfotech.com","ConfRoom","SMTP","Mailbox"
"connect@ssminfotech.com","connect","SMTP","Mailbox"
"CorporateCommunications@ssm-infotech.com","Corporate Communications","SMTP","Mailbox"
"corporatetraining@ssm-infotech.com","CorporateTraining","SMTP","Mailbox"
"crm@ssm-infotech.com","crm","SMTP","Mailbox"
