EmailAddress,Name,RoutingType,MailboxType
"abdul.rahman@gssinfotech.com","Abdul Rahman","SMTP","Mailbox"
"abdul.roouf@gssinfotech.com","Abdul Roouf","SMTP","Mailbox"
"adelong@sdc-us.com","adelong","SMTP","Contact"
"adepu.mounika@gssinfotech.com","Adepu Mounika","SMTP","Mailbox"
"adhini.bharath@gssinfotech.com","Adhini Bharath","SMTP","Mailbox"
"ajay.rayapati@gssinfotech.com","Ajay Kumar Rayapati","SMTP","Mailbox"
"akhil.yamarthy@gssinfotech.com","Akhil Meghanath Yamarthy","SMTP","Mailbox"
"albany@gssinfotech.com","albany","SMTP","PublicDL"
"alekhya.dasari@gssinfotech.com","Alekhya Dasari","SMTP","Mailbox"
"alok.yadav@gssinfotech.com","Alok Kumar Yadav","SMTP","Mailbox"
"amit.singh@gssinfotech.com","Amit Kumar Singh","SMTP","Mailbox"
"amit.sinha@gssinfotech.com","amit sinha","SMTP","Mailbox"
"amrita.singh@gssinfotech.com","Amrita Singh","SMTP","Mailbox"
"anantha.gowtham@gssinfotech.com","Anantha Gowtham","SMTP","Mailbox"
"anantha.ravipati@gssinfotech.com","Anantha Ravipati","SMTP","Mailbox"
"Andy.zgurich@genmills.com","Andy zgurich","SMTP","Contact"
"anila.kavoory@gssinfotech.com","Anila Kavoory","SMTP","Mailbox"
"ankam.sampath@gssinfotech.com","Ankam Sampath Kumar","SMTP","Mailbox"
"anyaopark@gmail.com","Ann Park","SMTP","Contact"
"anu.hasan@gssinfotech.com","Anu Hasan","SMTP","Mailbox"
"anwar.mohammad@gssinfotech.com","Anwar Mohammad","SMTP","Mailbox"
"ar@atecgroup.com","ar","SMTP","Contact"
"ar@gssinfotech.com","ar","SMTP","Mailbox"
"prashant.aradhyula@gssinfotech.com","Aradhyula Venkata Surya Prashant","SMTP","Mailbox"
"aravind.mantri@gssinfotech.com","Aravind Mantri","SMTP","Mailbox"
"aravinda.lagisetty@gssinfotech.com","Aravinda Lagisetty","SMTP","Mailbox"
"arjun.kada@gssinfotech.com","Arjun Kada","SMTP","Mailbox"
"jjrana0709@gmail.com","Arun Rana","SMTP","Contact"
"arun.rana@gssinfotech.com","Arun Rana","SMTP","Mailbox"
"arun.tyagi@gssinfotech.com","arun tyagi","SMTP","Mailbox"
"asheesh.dayama@gssinfotech.com","Asheesh Dayama","SMTP","Mailbox"
"ashish.chauhan@gssinfotech.com","Ashish Chauhan","SMTP","Mailbox"
"ashkar.ali@gssinfotech.com","Ashkar Ali","SMTP","Mailbox"
"ashok.jaggarapu@gssinfotech.com","Ashok Kumar Jaggarapu","SMTP","Mailbox"
"ashok.v@gssinfotech.com","Ashok V.","SMTP","Mailbox"
"ashwin.c@gssinfotech.com","Ashwin Chennadi","SMTP","Mailbox"
"ashwini.pendli@gssinfotech.com","Ashwini Pendli","SMTP","Mailbox"
"askyourceo@gssinfotech.com","askyourCEO","SMTP","Mailbox"
"athota.sivaram@gssinfotech.com","Athota Sivaram","SMTP","Mailbox"
"Atul.Malhotra@gssinfotech.com","Atul Malhotra","SMTP","Mailbox"
"avinash.yalla@gssinfotech.com","AVINASH REDDY YALLA","SMTP","Mailbox"
"b.kishore@gssinfotech.com","B Kishore","SMTP","Mailbox"
"baber@logicaholdings.com","baber","SMTP","Contact"
"babul.s@gssinfotech.com","Babul Samal","SMTP","Mailbox"
"bala.muniswamy@gssinfotech.com","Bala Muniswamy","SMTP","Mailbox"
"balakishore.j@gssinfotech.com","Balakishore Jujavarapu","SMTP","Mailbox"
"balijapelli.rajashekar@gssinfotech.com","Balijapelli Rajashekar","SMTP","Mailbox"
"banda.rajireddy@gssinfotech.com","Banda Raji Reddy","SMTP","Mailbox"
"bandreddi.kiranmai@gssinfotech.com","Bandreddi Kiranmai","SMTP","Mailbox"
"poornima.basanth@gssinfotech.com","Basanth Poornima","SMTP","Mailbox"
"basavala.sai@gssinfotech.com","Basavala Sai Kumar","SMTP","Mailbox"
"becky.borrell@genmills.com","becky borrell","SMTP","Contact"
"belindajackson@verio.net","belindajackson","SMTP","Contact"
"best-wishes@gssinfotech.com","Best Wishes","SMTP","PublicDL"
"bhanu.dharimireddy@gssinfotech.com","Bhanu Chandar Dharimireddy","SMTP","Mailbox"
"bhanu.polineni@gssinfotech.com","Bhanu Polineni","SMTP","Mailbox"
"bharani.bodepati@gssinfotech.com","Bharani Bodepati","SMTP","Mailbox"
"bharath.amudalapalli@gssinfotech.com","Bharath Amudalapalli","SMTP","Mailbox"
"bharath.kumar@gssinfotech.com","bharath kumar","SMTP","Mailbox"
"bhargav.marepally@gssinfotech.com","Bhargav Marepally","SMTP","Mailbox"
"b_thota@yahoo.com","Bhaskar Thota","SMTP","Contact"
"bhavana2803@gmail.com","Bhavana Bommaraju","SMTP","Contact"
"bill.craver@atecgroup.com","bill craver","SMTP","Contact"
"bill.craver@gssinfotech.com","bill craver","SMTP","Mailbox"
"burkal.anilkumar@gssinfotech.com","Burkal Anil Kumar","SMTP","Mailbox"
"capability@gssinfotech.com","Capability","SMTP","PublicDL"
"capital.one@gssinfotech.com","Capital.one","SMTP","PublicDL"
"careers@gssinfotech.com","Careers","SMTP","Mailbox"
"cbarbieri@sdc-us.com","cbarbieri","SMTP","Contact"
"chaitanya.vemuri@gssinfotech.com","Chaitanya Vemuri","SMTP","Mailbox"
"chakri@gssinfotech.com","chakri","SMTP","Mailbox"
"srikanth.challa@gssinfotech.com","Challa Srikanth Reddy","SMTP","Mailbox"
"kavya.chaluvadi@gssinfotech.com","Chaluvadi Kavya Sri","SMTP","Mailbox"
"chandra.s@gssinfotech.com","Chandra S","SMTP","Mailbox"
"chandra.yalamanchili@gssinfotech.com","Chandra Yalamanchili","SMTP","Mailbox"
"chandraiah.c@gssinfotech.com","Chandraiah Chintakayalu","SMTP","Mailbox"
"chandrasekhar.emani@gssinfotech.com","Chandrasekhar reddy Emani","SMTP","Mailbox"
"cheryl.luger@genmills.com","cheryl luger","SMTP","Contact"
"Chicago.recruitment@gssinfotech.com","Chicago.recruitment","SMTP","PublicDL"
"chitala.venugopal@gssinfotech.com","Chitala Venu Gopal","SMTP","Mailbox"
"chitturi.sriram@gssinfotech.com","Chitturi Sriram","SMTP","Mailbox"
"chris.campbell@gssinfotech.com","Chris Campbell","SMTP","Mailbox"
"company.secretary@gssinfotech.com","Company Secretary","SMTP","Mailbox"
"d.deeksha@gssinfotech.com","D Deeksha","SMTP","Mailbox"
"danielle.light@rakuten.com","Daniele light","SMTP","Contact"
"dashboard@gssinfotech.com","Dashboard","SMTP","Mailbox"
"dashboard.demo@gssinfotech.com","Dashboard Demo","SMTP","Mailbox"
"ddarling@landolakes.com","Dave Darling","SMTP","Contact"
"David@gssinfotech.com","David Cline","SMTP","Mailbox"
"deepak.puppala@gssinfotech.com","Deepak Puppala","SMTP","Mailbox"
"deependra.tiwari@gssinfotech.com","Deependra Tiwari","SMTP","Mailbox"
"descajeda@lockton.com","descajeda","SMTP","Contact"
"devagopal.pechetti@gssinfotech.com","Devagopal Pechetti","SMTP","Mailbox"
"devendra.arjun@gssinfotech.com","Devendra Arjun","SMTP","Mailbox"
"dhavaleswarapu.chinna@gssinfotech.com","Dhavaleswarapu Chinna","SMTP","Mailbox"
"dheeraj.thatipamu@gssinfotech.com","Dheeraj Thatipamula","SMTP","Mailbox"
"dilrukshajay@gmail.com","Dilruksha Jayaweera","SMTP","Contact"
"dimpal.jayani@gssinfotech.com","Dimpal Jayani","SMTP","Mailbox"
"dinesh.kethi@gssinfotech.com","Dinesh Kethi","SMTP","Mailbox"
"display.linkshare@gssinfotech.com","Display linkshare","SMTP","Mailbox"
