EmailAddress,Name,RoutingType,MailboxType
"3300upgradeteam@qsz.az","3300upgradeteam","SMTP","PublicDL"
"Abit.Abbasov@qsz.az","Abit H. Abbasov","SMTP","Mailbox"
"Administrator@qsz.az","Administrator","SMTP","Mailbox"
"Afqan.Mehdixanov@qsz.az","Afqan E. Mehdixanov","SMTP","Mailbox"
"Afqan.Allahverdiyev@qsz.az","Afqan R. Allahverdiyev","SMTP","Mailbox"
"Akif.Mammadov@qsz.az","Akif G. Mammadov","SMTP","Mailbox"
"Akkord.Beton@qsz.az","Akkord Beton","SMTP","Mailbox"
"Ali.Ahmedov@qsz.az","Ali A. Ahmedov","SMTP","Mailbox"
"Altay.Rustamov@qsz.az","Altay F. Rustamov","SMTP","Mailbox"
"Amil.Mammadov@qsz.az","Amil N. Mammadov","SMTP","Mailbox"
"Amrah.Allahverdiyev@qsz.az","Amrah G. Allahverdiyev","SMTP","Mailbox"
"Anar.Kerimov@qsz.az","Anar E. Kerimov","SMTP","Mailbox"
"Araz.Calilov@qsz.az","Araz E. Calilov","SMTP","Mailbox"
"Araz.Yusifli@qsz.az","Araz M. Yusifli","SMTP","Mailbox"
"armagankocatepe@armgrupyapi.com","Armagan Kocatepe","SMTP","Contact"
"Ayaz.Babayev@qsz.az","Ayaz C. Babayev","SMTP","Mailbox"
"Ayaz.Huseynov@qsz.az","Ayaz Huseynov","SMTP","Mailbox"
"Aygun.Shafiyeva@qsz.az","Aygun H. Shafiyeva","SMTP","Mailbox"
"Aynur.Allahverdiyeva@qsz.az","Aynur P. Allahverdiyeva","SMTP","Mailbox"
"Aynur.Qurbanova@qsz.az","Aynur Qurbanova","SMTP","Mailbox"
"Aytac.Ahmedova@qsz.az","Aytac I. Ahmedova","SMTP","Mailbox"
"Aytekin.Velizade@qsz.az","Aytekin Y. Velizade","SMTP","Mailbox"
"Azer.Mehdiyev@qsz.az","Azer A. Mehdiyev","SMTP","Mailbox"
"Balagadesh.Safarov@qsz.az","Balagadesh Safarov","SMTP","Mailbox"
"Balash.Heydarov@qsz.az","Balash Y. Heydarov","SMTP","Mailbox"
"Behruz.Qasimov@qsz.az","Behruz Qasimov","SMTP","Mailbox"
"Bunyad.Goyushov@qsz.az","Bunyad Sh. Goyushov","SMTP","Mailbox"
"Burhan.Memmedov@qsz.az","Burhan Memmedov","SMTP","Mailbox"
"Cahandar.Orucov@qsz.az","Cahandar Orucov","SMTP","Mailbox"
"Cavad.Talibov@qsz.az","Cavad Talibov","SMTP","Mailbox"
"Cavid.Nasibov@qsz.az","Cavid Nasibov","SMTP","Mailbox"
"CCR.Takip@qsz.az","CCR Takip","SMTP","Mailbox"
"Cengiz.Celik@qsz.az","Cengiz Celik","SMTP","Mailbox"
"cengiz.celik@arkoz.com.tr","Cengiz Celik","SMTP","Contact"
"Ceyhun.Ismayilov@qsz.az","Ceyhun Ismayilov","SMTP","Mailbox"
"Chingiz.Ayvazov@qsz.az","Chingiz N. Ayvazov","SMTP","Mailbox"
"citypoint_meeting@qsz.az","CityPoint Meeting Room","SMTP","Mailbox"
"Coshqun.Cafarov@qsz.az","Coshqun Cafarov","SMTP","Mailbox"
"Dilqam.Ahmedov@qsz.az","Dilqam Z. Ahmedov","SMTP","Mailbox"
"dlqszadmindep@qsz.az","DL QSZ Administrativ Department","SMTP","PublicDL"
"dl_qsz_baku_office@qsz.az","DL QSZ Baku Office","SMTP","PublicDL"
"dlqszbeton@qsz.az","DL QSZ Beton","SMTP","PublicDL"
"dlqszbetonsifarishi@qsz.az","DL QSZ Beton Sifarishi","SMTP","PublicDL"
"dlqszcement@qsz.az","DL QSZ Cement","SMTP","PublicDL"
"dlqszistehsalat@qsz.az","DL QSZ Istehsalat","SMTP","PublicDL"
"dlqszitdep@qsz.az","DL QSZ IT Department","SMTP","PublicDL"
"dl_qsz_maliyye@qsz.az","DL QSZ Maliyye","SMTP","PublicDL"
"dl_qsz_rehberler@qsz.az","DL QSZ Rehber Heyeti","SMTP","PublicDL"
"dlqszeveryone@qsz.az","DL_QSZ_Everyone","SMTP","PublicDL"
"durush@qsz.az","Durush","SMTP","PublicDL"
"Edalet.Memmedov@qsz.az","Edalet Memmedov","SMTP","Mailbox"
"eflow@qsz.az","eflow","SMTP","Mailbox"
"Elchin.Ahmedov@qsz.az","Elchin Ahmedov","SMTP","Mailbox"
"Elchin.Guliyev@qsz.az","Elchin H. Guliyev","SMTP","Mailbox"
"Elcin.Memmedov@qsz.az","Elcin Memmedov","SMTP","Mailbox"
"Elcin.Qasimov@qsz.az","Elcin Qasimov","SMTP","Mailbox"
"Elfaq.Amiraslanov@qsz.az","Elfaq Amiraslanov","SMTP","Mailbox"
"Elman.Musayev@qsz.az","Elman A. Musayev","SMTP","Mailbox"
"Elmar.Amiraslanov@qsz.az","Elmar Amiraslanov","SMTP","Mailbox"
"Elmeddin.Mardaliyev@qsz.az","Elmeddin M. Mardaliyev","SMTP","Mailbox"
"Elnur.Orucov@qsz.az","Elnur Orucov","SMTP","Mailbox"
"Elvin.Amiraslanov@qsz.az","Elvin Amiraslanov","SMTP","Mailbox"
"Elvin.Mamedzade@qsz.az","Elvin O. Mamedzade","SMTP","Mailbox"
"Emil.Musayev@qsz.az","Emil Musayev","SMTP","Mailbox"
"Emin.Veliyev@qsz.az","Emin E. Veliyev","SMTP","Mailbox"
"Emin.Qurbanov@qsz.az","Emin V. Qurbanov","SMTP","Mailbox"
"Faiq.Ahmedov@qsz.az","Faiq Ahmedov","SMTP","Mailbox"
"Farid.Adilov@qsz.az","Farid A. Adilov","SMTP","Mailbox"
"Farid.Abdullazade@qsz.az","Farid Abdullazade","SMTP","Mailbox"
"Feqani.Qabulov@qsz.az","Feqani A. Qabulov","SMTP","Mailbox"
"Ferit.Nuriyev@qsz.az","Ferit Nuriyev","SMTP","Mailbox"
"Fidan.Musayeva@qsz.az","Fidan Ch. Musayeva","SMTP","Mailbox"
"Flora.Ismayilova@qsz.az","Flora Ismayilova","SMTP","Mailbox"
"Giorgi.Jangveladze@qsz.az","Giorgi Jangveladze","SMTP","Mailbox"
"giorgi.jangveladze@germancement.ge","Giorgi Jangveladze","SMTP","Contact"
"Gulgez.Kerimli@qsz.az","Gulgez S. Kerimli","SMTP","Mailbox"
"Gulnar.Mammadova@qsz.az","Gulnar T. Mammadova","SMTP","Mailbox"
"Gultekin.Velizade@qsz.az","Gultekin Y. Velizade","SMTP","Mailbox"
"Hagigat.Guliyeva@qsz.az","Hagigat Guliyeva","SMTP","Mailbox"
"Hamid.Huseynov@qsz.az","Hamid Huseynov","SMTP","Mailbox"
"Hamza.Xocayev@qsz.az","Hamza M. Xocayev","SMTP","Mailbox"
"Hans.Cordes@qsz.az","Hans Cordes","SMTP","Mailbox"
"HealthMailboxDGFV224@qsz.az","HealthMailboxDGFV224","SMTP","Mailbox"
"HealthMailboxZZLT76@qsz.az","HealthMailboxZZLT76","SMTP","Mailbox"
"HelpDesk@qsz.az","Help Desk","SMTP","Mailbox"
"Heyran.Orucova@qsz.az","Heyran Orucova","SMTP","Mailbox"
"Hidayat.Mammadov@qsz.az","Hidayat Y. Mammadov","SMTP","Mailbox"
"Hikmet.Aliyev@qsz.az","Hikmet A. Aliyev","SMTP","Mailbox"
"Hikmet.Esgerov@qsz.az","Hikmet Esgerov","SMTP","Mailbox"
"Hikmet.Shabanov@qsz.az","Hikmet M. Shabanov","SMTP","Mailbox"
"Huseyin.Mehdiyev@qsz.az","Huseyin Mehdiyev","SMTP","Mailbox"
"Husniyye.Kazimova@qsz.az","Husniyye Kazimova","SMTP","Mailbox"
"Ibrahim.Allahverenli@qsz.az","Ibrahim Allahverenli","SMTP","Mailbox"
"Ilham.Aliyev@qsz.az","Ilham Aliyev","SMTP","Mailbox"
"Ilham.Mehtiyev@qsz.az","Ilham R. Mehtiyev","SMTP","Mailbox"
"Ilham.Sultanov@qsz.az","Ilham S. Sultanov","SMTP","Mailbox"
"Ilqar.Ibrahimov@qsz.az","Ilqar B. Ibrahimov","SMTP","Mailbox"
"info@qsz.az","info","SMTP","Mailbox"
"Insan.Resurslari@qsz.az","Insan Resurslari","SMTP","Mailbox"
"Intigam.Mehtiyev@qsz.az","Intigam S. Mehtiyev","SMTP","Mailbox"
