EmailAddress,Name,RoutingType,MailboxType
"ABAssignments@karasuopco.com","AB Assignments","SMTP","PublicDL"
"ABWellService@karasuopco.com","AB Well Service","SMTP","PublicDL"
"Arzayev@AOC.az","Abbas Rzayev","SMTP","Contact"
"FINANCE@karasuopco.com","Access to Finance Folder","SMTP","PublicDL"
"Adil.Abbasov@SHIRVANOIL.COM","Adil Abbasov","SMTP","Contact"
"Adil.Ahmedov@SHIRVANOIL.COM","Adil Ahmedov","SMTP","Contact"
"ABunyatov@karasuopco.com","Adil Bunyatov","SMTP","Mailbox"
"Administration@karasuopco.com","Administration","SMTP","PublicDL"
"Administrator@karasuopco.com","Administrator","SMTP","Mailbox"
"AfetHajiyeva@karasuopco.com","Afet Hajiyeva","SMTP","Mailbox"
"arahimov@binagadioil.com","Agaselim Rahimov","SMTP","Contact"
"AAgayev@binagadioil.com","Agayar Agayev","SMTP","Contact"
"aguliyeva@binagadioil.com","Aida Guliyeva","SMTP","Contact"
"AIM@SHIRVANOIL.COM","AIM","SMTP","Contact"
"akbarmammadov@binagadioil.com","Akbar Mammadov","SMTP","Contact"
"AZeynalov@karasuopco.com","Akhmed Zeynalov","SMTP","Mailbox"
"AMazanov@karasuopco.com","Akif Mazanov","SMTP","Mailbox"
"Ashipilov@aoc.az","Aleksandr Shipilov","SMTP","Contact"
"Aleksandr.Soklakov@SHIRVANOIL.COM","Aleksandr Soklakov","SMTP","Contact"
"APlotnikov@AOC.az","Aleksey Plotnikov","SMTP","Contact"
"areshetnikov@AOC.az","Aleksey Reshetnikov","SMTP","Contact"
"anasirov@binagadioil.com","Alesker Nasirov","SMTP","Contact"
"aabdullayev@binagadioil.com","Alik Abdullayev","SMTP","Contact"
"Alikhan.MIriyev@binagadioil.com","Alikhan Miriyev","SMTP","Contact"
"alisatdar.veliyev@shirvanoil.com","Alisatdar Veliyev","SMTP","Contact"
"ALLKAOCABUsers@karasuopco.com","ALL ALI-BAYRAMLI OFFCIE USERS","SMTP","PublicDL"
"ALLKAOCBakuUsers@karasuopco.com","ALL BAKU OFFICE USERS","SMTP","PublicDL"
"ALLKAOCUsers@karasuopco.com","ALL KARASU USERS","SMTP","PublicDL"
"Amil.Qurbanov@noc.az","Amil Qurbanov","SMTP","Contact"
"Anar.Asadov@SHIRVANOIL.COM","Anar Asadov","SMTP","Contact"
"abadalov@AOC.az","Anar Badalov","SMTP","Contact"
"ADashdamirov@AOC.az","Anar Dashdamirov","SMTP","Contact"
"Anar.Gurbanov@karasuopco.com","Anar Gurbanov","SMTP","Mailbox"
"Anar.Hasanov@karasuopco.com","Anar Hasanov","SMTP","Mailbox"
"AHeydarov@AOC.az","Anar Heydarov","SMTP","Contact"
"Anar.Musayev@binagadioil.com","Anar Musayev","SMTP","Contact"
"AShushaly@karasuopco.com","Anar Shushaly","SMTP","Mailbox"
"anar.yusifov@binagadioil.com","Anar Yusifov","SMTP","Contact"
"Anastasiya.Bolshakova@shirvanoil.com","Anastasiya Bolshakova","SMTP","Contact"
"AKonopelkin@AOC.az","Andrey Konopelkin","SMTP","Contact"
"Andrey.Kozlov@SHIRVANOIL.COM","Andrey Kozlov","SMTP","Contact"
"alichuk@gea.az","Andrey Lichuk","SMTP","Contact"
"AZaluchenov@karasuopco.com","Andrey Zaluchenov","SMTP","Mailbox"
"Antiga.Jafarova@SHIRVANOIL.COM","Antiga Jafarova","SMTP","Contact"
"AOCKuratori@AOC.az","AOC Kuratori","SMTP","Contact"
"Araz.Azizov@karasuopco.com","Araz Azizov","SMTP","Mailbox"
"AAkhundlu@AOC.az","Arif Akhundlu","SMTP","Contact"
"amammadov@binagadioil.com","Arif Mammadov","SMTP","Contact"
"arif.zeynalov@noc.az","Arif Zeynalov","SMTP","Contact"
"ArtificialLift@karasuopco.com","Artificial Lift","SMTP","PublicDL"
"Aruze.Esedova@noc.az","Aruze Esedova","SMTP","Contact"
"ABadalova@AOC.az","Arzu Badalova","SMTP","Contact"
"Arzu.Gezalova@karasuopco.com","Arzu Gezalova","SMTP","Mailbox"
"AIsmailova@karasuopco.com","Arzu Ismailova","SMTP","Mailbox"
"Arzu.Omarov@karasuopco.com","Arzu Omarov","SMTP","Mailbox"
"ASamedov@AOC.az","Asadulla Samedov","SMTP","Contact"
"Akerimov@AOC.az","Asker Kerimov","SMTP","Contact"
"AMukhametzyanov@karasuopco.com","Askhat Mukhametzyanov","SMTP","Mailbox"
"AMukhametzyanov@noc.az","Askhat Mukhametzyanov","SMTP","Contact"
"ABaxishli@karasuopco.com","Asli Baxishli","SMTP","Mailbox"
"abilalova@binagadioil.com","Asya Bilalova","SMTP","Contact"
"AShukurov@noc.az","Atamaly Shukurov","SMTP","Contact"
"Ateshin.Ahmedova@binagadioil.com","Ateshin Ahmedova","SMTP","Contact"
"Ayaz.Hajiyev@SHIRVANOIL.COM","Ayaz Hajiyev","SMTP","Contact"
"Ababayeva@karasuopco.com","Aybeniz Babayeva","SMTP","Mailbox"
"Aybeniz.Orudjeva@karasuopco.com","Aybeniz Orudjeva","SMTP","Mailbox"
"aosmanova@binagadioil.com","Aybeniz Osmanova","SMTP","Contact"
"Aynur.Alikhanova@SHIRVANOIL.COM","Aynur Alikhanova","SMTP","Contact"
"Aynura.Rahimova@binagadioil.com","Aynura Rahimova","SMTP","Contact"
"aysel.hasanova@binagadioil.com","Aysel Hasanova","SMTP","Contact"
"AAllakhverdiyeva@AOC.az","Ayten Allakhverdiyeva","SMTP","Contact"
"AFarmanov@karasuopco.com","Azad Farmanov","SMTP","Mailbox"
"aismayilov@binagadioil.com","Azer Ismayilov","SMTP","Contact"
"akhalilov@binagadioil.com","Azer Khalilov","SMTP","Contact"
"Azer.Shirinov@SHIRVANOIL.COM","Azer Shirinov","SMTP","Contact"
"ayusifov@binagadioil.com","Azer Yusifov","SMTP","Contact"
"Azer.Zeynalov@karasuopco.com","Azer Zeynalov","SMTP","Mailbox"
"AzerinAliyeva@gea.az","Azerin Aliyeva","SMTP","Contact"
"AYagubov@AOC.az","Aziz Yagubov","SMTP","Contact"
"BIsmayilov@karasuopco.com","Babek Ismayilov","SMTP","Mailbox"
"BHuseynova@binagadioil.com","Bahar Huseynova","SMTP","Contact"
"Bahman.Abdullayev@SHIRVANOIL.COM","Bahman Abdullayev","SMTP","Contact"
"BAkperov@karasuopco.com","Bahram Akperov","SMTP","Mailbox"
"Bahruz.Anverli@SHIRVANOIL.COM","Bahruz Anverli","SMTP","Contact"
"Banovsha.Gorchiyeva@noc.az","Banovsha Gorchiyeva","SMTP","Contact"
"Baqiyat.Nadjafova@binagadioil.com","Baqiyat Nadjafova","SMTP","Contact"
"BHadjiyeva@karasuopco.com","Basti Hadjiyeva","SMTP","Mailbox"
"Baxtiyar.Alekperov@SHIRVANOIL.COM","Baxtiyar Alekperov","SMTP","Contact"
"btatliyev@aoc.az","Bayram Tatliyev","SMTP","Contact"
"BBekirov@binagadioil.com","Bekir Bekirov","SMTP","Contact"
"Bella.Minayetova@SHIRVANOIL.COM","Bella Minayetova","SMTP","Contact"
"Beyrek.Abuzerli@noc.az","Beyrek Abuzerli","SMTP","Contact"
"DHasanova@binagadioil.com","Bibixanum Hasanova","SMTP","Contact"
"BOCConference@karasuopco.com","BOCConference","SMTP","Mailbox"
"BOCIT@binagadioil.com","BOCIT","SMTP","Contact"
"Boyukaga.Mamedov@noc.az","Boyukaga Mamedov","SMTP","Contact"
"CCahangirov@karasuopco.com","Casarat Cahangirov","SMTP","Mailbox"
"cdng@AOC.az","CDNG","SMTP","Contact"
"CDSuser@binagadioil.com","CDSuser","SMTP","Contact"
"cets@karasuopco.com","CETS","SMTP","Mailbox"
