EmailAddress,Name,RoutingType,MailboxType
"ABArtificialLift@karasuopco.com","AB Artificial Lift","SMTP","Contact"
"ABWellService@karasuopco.com","AB Well Service","SMTP","Contact"
"Abbas.Rzayev@shirvanoil.com","Abbas Rzayev","SMTP","Contact"
"Arzayev@AOC.az","Abbas Rzayev","SMTP","Contact"
"Accounting@binagadioil.com","Accounting","SMTP","PublicDL"
"accounting.dept@binagadioil.com","Accounting Department","SMTP","Mailbox"
"ABeylarov@karasuopco.com","Adil Beylarov","SMTP","Contact"
"ABunyatov@aoc.az","Adil Bunyatov","SMTP","Contact"
"bocmain@binagadioil.com","Admin BOC","SMTP","Mailbox"
"Administrator@binagadioil.com","Administrator","SMTP","Mailbox"
"Afa.Khalilzade@karasuopco.com","Afa Khalilzade","SMTP","Contact"
"afe.boc@binagadioil.com","AFE","SMTP","PublicDL"
"ADaniyarova@binagadioil.com","Afet Daniyarova","SMTP","Mailbox"
"Afet.Hajiyeva@karasuopco.com","Afet Hajiyeva","SMTP","Contact"
"AKasimova@karasuopco.com","Afet Kasimova","SMTP","Contact"
"Agalar.Farzaliyev@binagadioil.com","Agalar Farzaliyev","SMTP","Mailbox"
"arahimov@binagadioil.com","Agaselim Rahimov","SMTP","Mailbox"
"AAgayev@binagadioil.com","Agayar Agayev","SMTP","Mailbox"
"agil.akhmedov@binagadioil.com","Agil Akhmedov","SMTP","Mailbox"
"AMelikov@karasuopco.com","Agil Melikov","SMTP","Contact"
"AKalashov@karasuopco.com","Ahmad Kalashov","SMTP","Contact"
"aguliyeva@binagadioil.com","Aida Guliyeva","SMTP","Mailbox"
"akbarmammadov@binagadioil.com","Akbar Mammadov","SMTP","Mailbox"
"akhmed_isayev@binagadioil.com","Akhmed Isayev","SMTP","Mailbox"
"AZeynalov@karasuopco.com","Akhmed Zeynalov","SMTP","Contact"
"akif.mazanov@karasuopco.com","Akif Mazanov","SMTP","Contact"
"Aladdin.Shakarov@shirvanoil.com","Aladdin Shakarov","SMTP","Contact"
"Ashipilov@aoc.az","Aleksandr Shipilov","SMTP","Contact"
"Aleksandr.Soklakov@SHIRVANOIL.COM","Aleksandr Soklakov","SMTP","Contact"
"akiselyov@binagadioil.com","Aleksey Kiselyov","SMTP","Mailbox"
"APlotnikov@AOC.az","Aleksey Plotnikov","SMTP","Contact"
"areshetnikov@AOC.az","Aleksey Reshetnikov","SMTP","Contact"
"anasirov@binagadioil.com","Alesker Nasirov","SMTP","Mailbox"
"HRAliBayramli@karasuopco.com","Ali Bayramli","SMTP","Contact"
"aabdullayev@binagadioil.com","Alik Abdullayev","SMTP","Mailbox"
"AVeliyev@karasuopco.com","Alisatdar Veliyev","SMTP","Contact"
"alkam@nsa.az","Alkam","SMTP","Contact"
"allstaff@nsa.az","All staff","SMTP","Contact"
"AllStaff@binagadioil.com","All Staff","SMTP","PublicDL"
"amal.javadov@binagadioil.com","Amal Javadov","SMTP","Mailbox"
"Amil.Qurbanov@noc.az","Amil Qurbanov","SMTP","Contact"
"AAgamaliyev@karasuopco.com","Anar Agamaliyev","SMTP","Contact"
"Anar.Asadov@SHIRVANOIL.COM","Anar Asadov","SMTP","Contact"
"abadalov@AOC.az","Anar Badalov","SMTP","Contact"
"ADashdamirov@AOC.az","Anar Dashdamirov","SMTP","Contact"
"anar.guluzade@binagadioil.com","Anar Guluzade","SMTP","Mailbox"
"Anar.Gurbanov@karasuopco.com","Anar Gurbanov","SMTP","Contact"
"Anar.Hasanov@karasuopco.com","Anar Hasanov","SMTP","Contact"
"AHeydarov@AOC.az","Anar Heydarov","SMTP","Contact"
"aibadov@nsa.az","Anar Ibadov","SMTP","Contact"
"Anar.Musayev@binagadioil.com","Anar Musayev","SMTP","Mailbox"
"AShushaly@karasuopco.com","Anar Shushaly","SMTP","Contact"
"anar.yusifov@binagadioil.com","Anar Yusifov","SMTP","Mailbox"
"ABolshakova@AOC.az","Anastasiya Bolshakova","SMTP","Contact"
"AKonopelkin@AOC.az","Andrey Konopelkin","SMTP","Contact"
"Andrey.Kozlov@SHIRVANOIL.COM","Andrey Kozlov","SMTP","Contact"
"Andrey.Shapovalov@karasuopco.com","Andrey Shapovalov","SMTP","Contact"
"aocstaff@aoc.az","AOC All Staff","SMTP","Contact"
"AOCKuratori@AOC.az","AOC Kuratori","SMTP","Contact"
"Araz.Azizov@karasuopco.com","Araz Azizov","SMTP","Contact"
"AAkhundlu@AOC.az","Arif Akhundlu","SMTP","Contact"
"Arif.Alishov@karasuopco.com","Arif Alishov","SMTP","Contact"
"Arif.Farajov@karasuopco.com","Arif Farajov","SMTP","Contact"
"Arif.Ibrahimov@shirvanoil.com","Arif Ibrahimov","SMTP","Contact"
"amammadov@binagadioil.com","Arif Mammadov","SMTP","Mailbox"
"arif.zeynalov@noc.az","Arif Zeynalov","SMTP","Contact"
"ArtificialLift@karasuopco.com","Artificial Lift","SMTP","Contact"
"Aruze.Esedova@noc.az","Aruze Esedova","SMTP","Contact"
"arzu.babayeva@binagadioil.com","Arzu Babayeva","SMTP","Mailbox"
"ABadalova@AOC.az","Arzu Badalova","SMTP","Contact"
"Arzu.Gezalova@karasuopco.com","Arzu Gezalova","SMTP","Contact"
"AIsmailova@karasuopco.com","Arzu Ismailova","SMTP","Contact"
"Arzu.Omarov@karasuopco.com","Arzu Omarov","SMTP","Contact"
"asad.asgerov@binagadioil.com","Asad Asgerov","SMTP","Mailbox"
"ASamedov@AOC.az","Asadulla Samedov","SMTP","Contact"
"Asif.Baloglanov@karasuopco.com","Asif Baloglanov","SMTP","Contact"
"AMirzoyev@karasuopco.com","Asif Mirzoyev","SMTP","Contact"
"Akerimov@AOC.az","Asker Kerimov","SMTP","Contact"
"AMukhametzyanov@noc.az","Askhat Mukhametzyanov","SMTP","Contact"
"ABaxishli@karasuopco.com","Asli Baxishli","SMTP","Contact"
"abilalova@binagadioil.com","Asya Bilalova","SMTP","Mailbox"
"AShukurov@noc.az","Atamaly Shukurov","SMTP","Contact"
"Ababayeva@karasuopco.com","Aybeniz Babayeva","SMTP","Contact"
"Aybeniz.Orudjeva@karasuopco.com","Aybeniz Orudjeva","SMTP","Contact"
"Aynur.Kerimova@shirvanoil.com","Aynur Kerimova","SMTP","Contact"
"Aynura.Guliyeva@karasuopco.com","Aynura Guliyeva","SMTP","Contact"
"Aynura.Rahimova@binagadioil.com","Aynura Rahimova","SMTP","Mailbox"
"Aynura.Shabanova@karasuopco.com","Aynura Shabanova","SMTP","Contact"
"aguliyeva@nsa.az","Aysel Guliyeva","SMTP","Contact"
"aysel.hasanova@binagadioil.com","Aysel Hasanova","SMTP","Mailbox"
"AAllakhverdiyeva@AOC.az","Ayten Allakhverdiyeva","SMTP","Contact"
"AFarmanov@karasuopco.com","Azad Farmanov","SMTP","Contact"
"aismayilov@binagadioil.com","Azer Ismayilov","SMTP","Mailbox"
"azer.rzazade@binagadioil.com","Azer Rzazade","SMTP","Mailbox"
"Azer.Shirinov@SHIRVANOIL.COM","Azer Shirinov","SMTP","Contact"
"ayusifov@binagadioil.com","Azer Yusifov","SMTP","Mailbox"
"Azer.Zeynalov@karasuopco.com","Azer Zeynalov","SMTP","Contact"
"AYagubov@AOC.az","Aziz Yagubov","SMTP","Contact"
"backup1@binagadioil.com","backup1","SMTP","Mailbox"
"backup3@binagadioil.com","backup3","SMTP","Mailbox"
