EmailAddress,Name,RoutingType,MailboxType
"Abbas.Abbaszade@pashaproperty.az","Abbas Abbaszade","SMTP","Mailbox"
"Abdulahad.Samadov@blueplanet.az","Abdulahad Samadov","SMTP","Mailbox"
"contactus@absheronapartments.az","Absheron Apartments","SMTP","Mailbox"
"Afag.Habib-zada@pashaproperty.az","Afag Habib-zada","SMTP","Mailbox"
"Aghakishi.Aghayev@portbaku.az","Aghakishi Aghayev","SMTP","Mailbox"
"Agil.Huseynov@blueplanet.az","Agil Huseynov","SMTP","Mailbox"
"Aitaj.Gumbatova@blueplanet.az","Aitaj Gumbatova","SMTP","Mailbox"
"Aleksey.Krapivko@blueplanet.az","Aleksey Krapivko","SMTP","Mailbox"
"Ali.Abbasov@blueplanet.az","Ali Abbasov","SMTP","Mailbox"
"Ali.Musali@blueplanet.az","Ali Musali","SMTP","Mailbox"
"Alifagha.Gasimov@pbt.az","Alifagha Gasimov","SMTP","Mailbox"
"Aliya.Zeynalova@portbaku.az","Aliya Zeynalova","SMTP","Mailbox"
"Alla.Imanova@blueplanet.az","Alla Imanova","SMTP","Mailbox"
"AM.GoSport.Cashier1@blueplanet.az","AM.GoSport Cashier1","SMTP","Mailbox"
"AM.GoSport.Stock@pbt.az","AM.GoSport Stock","SMTP","Mailbox"
"Amil.Azizov@bilgahestates.az","Amil Azizov","SMTP","Mailbox"
"Amil.Mansumov@portbaku.az","Amil Mansumov","SMTP","Mailbox"
"Amina.Temirova@blueplanet.az","Amina Temirova","SMTP","Mailbox"
"Anar.Aliyev@pashaproperty.az","Anar Aliyev","SMTP","Mailbox"
"Anar.Azimov@blueplanet.az","Anar Azimov","SMTP","Mailbox"
"Anar.Habibov@blueplanet.az","Anar Habibov","SMTP","Mailbox"
"office@aliyeva.org","Andrey Sipilin","SMTP","Mailbox"
"Anna.Suleymanova@blueplanet.az","Anna Suleymanova","SMTP","Mailbox"
"Arifa.Abbasova@pashaproperty.az","Arifa Abbasova","SMTP","Mailbox"
"Arzu.Aghayeva@pashaproperty.az","Arzu Aghayeva","SMTP","Mailbox"
"Asif.Ibrahimov@blueplanet.az","Asif Ibrahimov","SMTP","Mailbox"
"Aslan.Huseynov@kresidence.az","Aslan Huseynov","SMTP","Mailbox"
"Athula.Gedara@pbt.az","Athula Gedara","SMTP","Mailbox"
"AV.Engineer@pbt.az","AV Engineer","SMTP","Mailbox"
"Avaz.Kazimov@pashaproperty.az","Avaz Kazimov","SMTP","Mailbox"
"Avenue.Outlet@blueplanet.az","Avenue Outlet","SMTP","Mailbox"
"Avenue.Outlet2@blueplanet.az","Avenue Outlet 2","SMTP","Mailbox"
"Awad.Nour@theclub.az","Awad Nour","SMTP","Mailbox"
"Ayaz.Ordukhanov@bilgahestates.az","Ayaz Ordukhanov","SMTP","Mailbox"
"Aydan.Ismailova@blueplanet.az","Aydan Ismailova","SMTP","Mailbox"
"Aydan.Mahmudova@pashaproperty.az","Aydan Mahmudova","SMTP","Mailbox"
"Aydan.Qurbanova@bilgahestates.az","Aydan Qurbanova","SMTP","Mailbox"
"Aygun.Karimli@blueplanet.az","Aygun Karimli","SMTP","Mailbox"
"Aykhan.Khalifa@blueplanet.az","Aykhan Khalifa","SMTP","Mailbox"
"Ayla.Abasova@blueplanet.az","Ayla Abasova","SMTP","Mailbox"
"Aynura.Imanova@pashaproperty.az","Aynura Imanova","SMTP","Mailbox"
"Aysel.Abasova@theclub.az","Aysel Abasova","SMTP","Mailbox"
"Aysel.Aliyeva@blueplanet.az","Aysel Aliyeva","SMTP","Mailbox"
"Aysel.Ashrafova@blueplanet.az","Aysel Ashrafova","SMTP","Mailbox"
"Ayten.Babashova@blueplanet.az","Ayten Babashova","SMTP","Mailbox"
"Bagtu.Tosun@blueplanet.az","Bagtu Tosun","SMTP","Mailbox"
"Bakhtiyar.Pashayev@pbt.az","Bakhtiyar Pashayev","SMTP","Mailbox"
"BakuPalace@bakupalace.net","BakuPalace","SMTP","PublicDL"
"Banu.Zamanova@blueplanet.az","Banu Zamanova","SMTP","Mailbox"
"BCV@bakucityvillas.az","BCV","SMTP","PublicDL"
"BEC@bakuexpocenter.az","BEC","SMTP","PublicDL"
"Behnam.Taghiyev@pbt.az","Behnam Taghiyev","SMTP","Mailbox"
"BEV@bilgahestates.az","BEV","SMTP","PublicDL"
"BLC.Stock@blueplanet.az","BLC","SMTP","Mailbox"
"Blue.Planet@blueplanet.az","BluePlanet","SMTP","PublicDL"
"Brunello.Cucinelli@blueplanet.az","Brunello Cucinelli","SMTP","Mailbox"
"Bvlgari@blueplanet.az","Bvlgari","SMTP","Mailbox"
"CallCenter@frem.az","Call Center","SMTP","Mailbox"
"CAydemir@pashaconstruction.com","Caner Aydemir","SMTP","Contact"
"Career@pashaproperty.az","Career","SMTP","Mailbox"
"Celine@blueplanet.az","Celine","SMTP","Mailbox"
"CEO@pashaproperty.az","CEO","SMTP","Mailbox"
"Chaminda.Kankanamalage@pbt.az","Chaminda Kankanamalage","SMTP","Mailbox"
"Chinara.Fataliyeva@blueplanet.az","Chinara Fataliyeva","SMTP","Mailbox"
"Chingiz.Karimov@bakucityvillas.az","Chingiz Karimov","SMTP","Mailbox"
"CHouse@bilgahestates.az","Club House","SMTP","Mailbox"
"Clubreception@theclub.az","Clubreception","SMTP","Mailbox"
"Contact@bakuexpocenter.az","Contact BakuExpoCenter","SMTP","Mailbox"
"Coordinator@olympicresidence.az","Coordinator Olympic Residence","SMTP","Mailbox"
"Courir@blueplanet.az","Courir BluePlanet","SMTP","Mailbox"
"courirbaku-pbm@blueplanet.az","Courir Cashier","SMTP","Mailbox"
"Courir.HC@blueplanet.az","Courir HC","SMTP","Mailbox"
"CRRE.Division@pfm.az","CRRE","SMTP","PublicDL"
"Dany.Alam@pbt.az","Dany Alam","SMTP","Mailbox"
"Dashgin.Baghirov@blueplanet.az","Dashgin Baghirov","SMTP","Mailbox"
"Digital@go-sport.az","Digital GoSport","SMTP","Mailbox"
"Digital1@courir.az","Digital1 Courir","SMTP","Mailbox"
"Dina.Hajiyeva@blueplanet.az","Dina Hajiyeva","SMTP","Mailbox"
"Dinara.Askerova@blueplanet.az","Dinara Askerova","SMTP","Mailbox"
"MsExchDiscoveryMailboxD919BA05-46A6-415f-80AD-7E09334BB852@bakupalace.net","DiscoverySearchMailbox {D919BA05-46A6-415f-80AD-7E09334BB852}","SMTP","Mailbox"
"DM.Courir.Cashier1@blueplanet.az","DM.Courir.Cashier1","SMTP","Mailbox"
"DM.GoSport.Cashier1@blueplanet.az","DM.GoSport.Cashier1","SMTP","Mailbox"
"DM.GoSport.Cashier2@blueplanet.az","DM.GoSport.Cashier2","SMTP","Mailbox"
"DM.GoSport.Cashier3@blueplanet.az","DM.GoSport.Cashier3","SMTP","Mailbox"
"DM.Nike.Cashier1@blueplanet.az","DM.Nike.Cashier1","SMTP","Mailbox"
"DM.Nike.Cashier2@blueplanet.az","DM.Nike.Cashier2","SMTP","Mailbox"
"DM.Skechers.Cashier1@blueplanet.az","DM.Skechers.Cashier1","SMTP","Mailbox"
"DM.Skechers.Cashier2@blueplanet.az","DM.Skechers.Cashier2","SMTP","Mailbox"
"Dolce.Gabbana@blueplanet.az","Dolce Gabbana","SMTP","Mailbox"
"Elchin.Abdullayev@blueplanet.az","Elchin Abdullayev","SMTP","Mailbox"
"Elchin.Gadimov@pashaproperty.az","Elchin Gadimov","SMTP","Mailbox"
"Eldar.Bakhshiyev@pbt.az","Eldar Bakhshiyev","SMTP","Mailbox"
"Elgun.Zarbiyev@portbaku.az","Elgun Zarbiyev","SMTP","Mailbox"
"Elkhan.Abushov@pbt.az","Elkhan Abushov","SMTP","Mailbox"
"Elkhan.Salimzada@theclub.az","Elkhan Salimzada","SMTP","Mailbox"
"Elman.Humbatov@bakucityvillas.az","Elman Humbatov","SMTP","Mailbox"
"Elman.Mustafayev@pashaconstruction.com","Elman Mustafayev","SMTP","Contact"
"Elmar.Alizada@blueplanet.az","Elmar Alizada","SMTP","Mailbox"
"Elmar.Baghirov@pbt.az","Elmar Baghirov","SMTP","Mailbox"
"Elnara.Ibrahimova@olympicresidence.az","Elnara Ibrahimova","SMTP","Mailbox"
